inputType,format
InitialPayload,"V(0,1)"
TaskForces,"V(1,2)"
ScriptTypesCon,"V(0,1)"
ScriptTypes,"V(1,2)"
AITriggerTypes,"V(1,2,3,4,5,6,7,8,9,10,11,12,13,14,15,16)"
ColorEdit,{0}
Category,{0}
AITargeting,{0}
Armor,{0}
CounterMath,{0}
Colors,{0}
CompareLogic,{0}
CounterActor,{0}
CounterReaction,{0}
DamageReactionMode,{0}
Locomotor,{0}
TeleportMode,{0}
Countries,{0}
MovementZone,{0}
VectorOrigin,{0}
Abilities,{0}
Land,{0}
Mission,{0}
CumulativeOptions,{0}
Versus,"{0}|%|,|{1}|%|,|{2}|%|,|{3}|%|,|{4}|%|,|{5}|%|,|{6}|%|,|{7}|%|,|{8}|%|,|{9}|%|,|{10}|%"
RGBFLH,"{0}|,|{1}|,|{2}"
VersusPlus,"V(0,1,2,3,4)"
DefineArmor,"V(0,1)"
SpBool,{0}
SpInt,{0}
SpString,{0}
SpArray,{0}
SpArrayText,{0}
SpArrayInt,{0}
MultipleInput,"V(0,1,2)"
AcceptTypeInput,"V(0,1)"
DisabledString,{0}
ExportMode.Type,{0}
AcceptType.Type,{0}
NodeColorOpt,{0}|:|{1}
ColoredFrameInput,{0}|:|{1}
AsTag,
FormatComponents.Type,{0}
InputComponents.Type,{0}
CollectInput,"V(0,1,2)"
SetValue.Value,{0}
DisplayDesc,"V(0,1)"
OptionsDesc,"V(0,1,2)"
InitialValue.SpBool,{0}
InitialValue.SpInt,{0}
Bool.Fmt,"V(0,1,2,3)"
Slider.ValueFormat,{0}
ValueMode,{0}
ConstraintsInput,"V(0,1,2)"
FormatMode,{0}
LinkNode.Type,{0}
StringListEntry,{0}
Collector,{0}
MultipleCollector.0,
MultipleCollector.1,{0}
FactoryMatrix1,"V(0,1,2,3,4)"
FactoryMatrix2,"V(0,1)"
订单上限,V(0)
