inputType,slot,valueId,component,hint,initial,linkNodeType,linkNodeColor,constraint,extra
InitialPayload,0,0,Link,单位,,TechnoTypes,0;255;0,,"{""__linkNode"":{""LinkLimit"":1}}"
InitialPayload,1,1,InputInt,数量,1,,,,
TaskForces,0,1,InputText,个数,"""1""",,,,
TaskForces,1,2,Link,单位,,TechnoTypes,0;255;0,,"{""__linkNode"":{""LinkLimit"":1}}"
ScriptTypesCon,0,0,EnumCombo,,"""1""",,,,"{""SameLine"":false}"
ScriptTypesCon,1,1,EnumCombo,,"""1""",,,0=0,"{""SameLine"":false}"
ScriptTypesCon,2,1,EnumCombo,,"""1""",,,0=57,"{""SameLine"":false}"
ScriptTypesCon,3,1,SetValue,"[""0"",""只能填0""]",,,,0=9,"{""Value"":""0""}"
ScriptTypesCon,4,1,SetValue,"[""0"",""只能填0""]",,,,0=14,"{""Value"":""0""}"
ScriptTypesCon,5,1,SetValue,"[""0"",""只能填0""]",,,,0=43,"{""Value"":""0""}"
ScriptTypesCon,6,1,SetValue,"[""0"",""只能填0""]",,,,0=49,"{""Value"":""0""}"
ScriptTypesCon,7,1,SetValue,"[""0"",""只能填0""]",,,,0=53,"{""Value"":""0""}"
ScriptTypesCon,8,1,SetValue,"[""0"",""只能填0""]",,,,0=54,"{""Value"":""0""}"
ScriptTypesCon,9,1,SetValue,"[""0"",""只能填0""]",,,,0=55,"{""Value"":""0""}"
ScriptTypesCon,10,1,SetValue,"[""0"",""只能填0""]",,,,0=60,"{""Value"":""0""}"
ScriptTypesCon,11,1,SetValue,"[""0"",""只能填0""]",,,,0=61,"{""Value"":""0""}"
ScriptTypesCon,12,1,SetValue,"[""0"",""只能填0""]",,,,0=62,"{""Value"":""0""}"
ScriptTypesCon,13,1,SetValue,"[""0"",""只能填0""]",,,,0=63,"{""Value"":""0""}"
ScriptTypesCon,14,1,SetValue,"[""0"",""只能填0""]",,,,0=64,"{""Value"":""0""}"
ScriptTypesCon,15,1,InputText,"[""时间"",""命令单位处于Guard状态一段时间，时间单位是6x秒，就是说1=6秒，2=12秒""]",,,,0=5,
ScriptTypesCon,16,1,InputText,"[""建筑ID"",""加值：0-最小威胁、65536-最大威胁、131072-最近、196608-最远。""]",,,,0=46,
ScriptTypesCon,17,1,InputText,"[""建筑ID"",""加值：0-最小威胁、65536-最大威胁、131072-最近、196608-最远。""]",,,,0=47,
ScriptTypesCon,18,1,InputText,"[""建筑ID"",""加值：0-最小威胁、65536-最大威胁、131072-最近、196608-最远。""]",,,,0=56,
ScriptTypesCon,19,1,InputText,"[""建筑ID"",""加值：0-最小威胁、65536-最大威胁、131072-最近、196608-最远。""]",,,,0=58,
ScriptTypesCon,20,1,InputText,"[""行号"",""从1开始""]",,,,0=6,
ScriptTypesCon,21,1,EnumCombo,,"""1""",,,0=8,"{""SameLine"":false}"
ScriptTypesCon,22,1,EnumCombo,,"""1""",,,0=11,"{""SameLine"":false}"
ScriptTypes,0,3,EnumCombo,执行动作,"""0""",,,,
ScriptTypes,1,2,InputText,动作参数,"""0""",,,,
AITriggerTypes,0,1,InputText,触发名称,,,,,
AITriggerTypes,1,2,Link,作战小队,,TeamTypes,255;0;255,,"{""__linkNode"":{""LinkLimit"":1}}"
AITriggerTypes,2,3,EnumCombo,Countries,"""<all>""",,,,
AITriggerTypes,3,4,SliderInt,TechLevel (0-11),1,,,,"{""Min"":0,""Max"":11}"
AITriggerTypes,4,5,EnumCombo,判定条件,"""0""",,,,
AITriggerTypes,5,6,Link,判定用的单位名称,,TechnoTypes,0;255;0,,"{""__linkNode"":{""LinkLimit"":1}}"
AITriggerTypes,6,7,InputText,判定用数值（2位，00-FF）,,,,,
AITriggerTypes,7,8,EnumCombo,逻辑模式,"""0""",,,,
AITriggerTypes,8,9,EnumCombo,初始权重,"""10""",,,,
AITriggerTypes,9,10,EnumCombo,最小权重,"""10""",,,,
AITriggerTypes,10,11,EnumCombo,最大权重,"""10""",,,,
AITriggerTypes,11,12,SliderInt,"阵营，0-3，全体,盟,苏,尤",0,,,,"{""Min"":0,""Max"":3}"
AITriggerTypes,12,13,Link,第二个作战小队,,TeamTypes,255;0;255,,"{""__linkNode"":{""LinkLimit"":1}}"
AITriggerTypes,13,14,Bool,简单难度可用,false,,,,"{""Fmt"":[""1"",""0""]}"
AITriggerTypes,14,15,Bool,中等难度可用,false,,,,"{""Fmt"":[""1"",""0""]}"
AITriggerTypes,15,16,Bool,困难难度可用,false,,,,"{""Fmt"":[""1"",""0""]}"
ColorEdit,0,0,ColorPanel,,"""255,255,255""",,,,
Category,0,0,EnumCombo,,"""Soldier""",,,,
AITargeting,0,0,EnumCombo,,"""None""",,,,
Armor,0,0,EnumCombo,,"""none""",,,,
Armor,1,0,InputText,其他装甲,"""none""",,,,
CounterMath,0,0,EnumCombo,,"""ASS""",,,,
Colors,0,0,EnumCombo,,"""LightGold""",,,,
CompareLogic,0,0,EnumCombo,,"""EQ""",,,,
CounterActor,0,0,EnumCombo,,"""ME""",,,,
CounterReaction,0,0,EnumCombo,,"""NO_PANTIES""",,,,
DamageReactionMode,0,0,EnumCombo,,"""PISS""",,,,
Locomotor,0,0,EnumCombo,,"""{4A582741-9839-11d1-B709-00A024DDAFD1}""",,,,
TeleportMode,0,0,EnumCombo,,"""NONE""",,,,
Countries,0,0,MultipleChoice,,"""""",,,,"{""MaxInOneLine"":3,""SameLine"":true}"
MovementZone,0,0,EnumCombo,,"""Destroyer""",,,,
VectorOrigin,0,0,EnumCombo,,"""Destroyer""",,,,
Abilities,0,0,MultipleChoice,,"""""",,,,"{""SameLine"":true,""MaxInOneLine"":3}"
Land,0,0,MultipleChoice,,"""NONE""",,,,"{""SameLine"":true,""MaxInOneLine"":3}"
Mission,0,0,EnumCombo,,"""Attack""",,,,
CumulativeOptions,0,0,EnumCombo,,"""NIPPLE""",,,,
Versus,0,0,InputInt,None,100,,,,
Versus,1,1,InputInt,Flak,100,,,,
Versus,2,2,InputInt,Plate,100,,,,
Versus,3,3,InputInt,Light,100,,,,
Versus,4,4,InputInt,Medium,100,,,,
Versus,5,5,InputInt,Heavy,100,,,,
Versus,6,6,InputInt,Wood,100,,,,
Versus,7,7,InputInt,Steel,100,,,,
Versus,8,8,InputInt,Concrete,100,,,,
Versus,9,9,InputInt,special_1,100,,,,
Versus,10,10,InputInt,special_2,100,,,,
RGBFLH,0,0,InputInt,F,100,,,,
RGBFLH,1,1,InputInt,L,100,,,,
RGBFLH,2,2,InputInt,H,100,,,,
VersusPlus,0,0,Link,护甲名称,,ArmorType,255;255;144,,"{""__linkNode"":{""Limit"":1}}"
VersusPlus,1,1,InputInt,比例（写%）,100,,,,
VersusPlus,2,2,Bool,强行攻击,,,,,
VersusPlus,3,3,Bool,还击,,,,,
VersusPlus,4,4,Bool,主动攻击,,,,,
DefineArmor,0,0,InputText,装甲名称,"""""",,,,
DefineArmor,1,1,InputText,弹头比例（写%）/父类型,"""""",,,,
SpBool,0,0,Bool,,false,,,,"{""Fmt"":""yes_no""}"
SpInt,0,0,InputInt,,0,,,,
SpString,0,0,InputText,,,,,,
SpArray,0,0,Link,,,,,,
SpArrayText,0,0,InputText,,,,,,
SpArrayInt,0,0,InputText,,,,,,
MultipleInput,0,0,Bool,是否可重,false,,,,"{""Fmt"":""yes_no""}"
MultipleInput,1,1,Bool,启用行号,false,,,0=yes,"{""Fmt"":""yes_no""}"
MultipleInput,2,2,InputText,行号起始值,"""1""",,,1=yes,
MultipleInput,3,1,SetValue,,,,,0=no,"{""Value"":""no""}"
MultipleInput,4,2,SetValue,,,,,1=no,"{""Value"":""1""}"
AcceptTypeInput,0,0,Bool,是否启用,false,,,,"{""Fmt"":""yes_no""}"
AcceptTypeInput,1,1,Link,节点配置,"""""",,,0=yes,
AcceptTypeInput,2,1,SetValue,,,,,0=no,"{""Value"":""""}"
DisabledString,0,0,InputText,,,,,,"{""Disabled"":true}"
ExportMode.Type,0,0,EnumCombo,,"""Default""",,,,"{""Disabled"":true,""SameLine"":false}"
AcceptType.Type,0,0,InputText,,,,,,
NodeColorOpt,0,0,EnumRadio,,"""Preset""",,,,"{""SameLine"":true}"
NodeColorOpt,1,1,ColorPanel,,"""255,255,255""",,,0=Custom,
NodeColorOpt,2,1,SetValue,,,,,0=Preset,"{""Value"":""255,255,255""}"
ColoredFrameInput,0,0,Bool,启用,"""no""",,,,"{""Fmt"":""yes_no""}"
ColoredFrameInput,1,1,ColorPanel,,"""255,255,255""",,,0=yes,
ColoredFrameInput,2,1,SetValue,,,,,0=no,"{""Value"":""255,255,255""}"
AsTag,0,,<NewLine>,,,,,,
FormatComponents.Type,0,0,EnumCombo,,"""Text""",,,,"{""Disabled"":true,""SameLine"":false}"
InputComponents.Type,0,0,EnumCombo,,"""Text""",,,,"{""Disabled"":true,""SameLine"":false}"
CollectInput,0,0,EnumRadio,,"""ID""",,,,"{""SameLine"":true}"
CollectInput,1,1,InputInt,收集的ID,0,,,0=ID,
CollectInput,2,2,Link,格式组件列表,"""""",FormatComponents,255;102;102,0=Format,"{""__linkNode"":{""Limit"":-1}}"
CollectInput,3,,Text,,,,,0=Full,"{""Text"":""注意：收集全部值时来源键名不可为空。""}"
SetValue.Value,0,0,InputText,,,,,,
DisplayDesc,0,0,InputText,短描述,,,,,
DisplayDesc,1,1,InputText,长描述,,,,,
OptionsDesc,0,0,InputText,选项,,,,,
OptionsDesc,1,1,InputText,短描述,,,,,
OptionsDesc,2,2,InputText,长描述（可选）,,,,,
OptionsDesc,3,,<Separator>,,,,,,
InitialValue.SpBool,0,0,Bool,,false,,,,"{""Fmt"":""yes_no""}"
InitialValue.SpInt,0,0,InputInt,,0,,,,
Bool.Fmt,0,0,EnumRadio,,"""Preset""",,,,"{""SameLine"":true}"
Bool.Fmt,1,1,InputText,真值,,,,0=Custom,
Bool.Fmt,2,2,InputText,假值,,,,0=Custom,
Bool.Fmt,3,3,EnumCombo,预设选项,"""yes_no""",,,0=Preset,
Slider.ValueFormat,0,0,InputText,,,,,,
ValueMode,0,0,EnumCombo,,"""RGB""",,,,
ConstraintsInput,0,0,InputText,受约束的ID,,,,,
ConstraintsInput,1,1,EnumCombo,约束类型,"""Equal""",,,,
ConstraintsInput,2,2,InputText,约束值,,,,"1={""RegexNotMatch"":""^(Empty|NEmpty)$""}",
ConstraintsInput,3,,<Separator>,,,,,,
FormatMode,0,0,EnumCombo,,"""Int""",,,,
LinkNode.Type,0,0,InputText,,,,,,
StringListEntry,0,0,InputText,"""""","""""",,,,
Collector,0,0,Link,,,,,,
MultipleCollector.0,0,,,,,,,,
MultipleCollector.1,0,0,Link,,,,,,
FactoryMatrix1,0,0,Link,单位,,TechnoTypes,0;255;0,,"{""__linkNode"":{""LinkLimit"":1}}"
FactoryMatrix1,1,1,InputInt,生产时间,1,,,,
FactoryMatrix1,2,2,InputInt,生产成本,1,,,,
FactoryMatrix1,3,3,InputInt,建造数量限制,1,,,,
FactoryMatrix1,4,4,InputText,Buff的个数,"""114""",,,,
FactoryMatrix2,0,0,Link,接受的BUFF,,WICBuff,12;79;255,,"{""__linkNode"":{""LinkLimit"":1}}"
FactoryMatrix2,1,1,InputText,Buff的持续时间,"""114""",,,,
订单上限,0,0,InputText,,"""114""",,,,
