name,file,type,multiple,newLineAfterDesc,lineIdFrom,exportMode,exportModeForm,acceptType,fullArea,exportExtra,extra
InitialPayload,Compound,,true,,,Recompose,obj,,,,
TaskForces,Compound,,true,,,Recompose,obj,,,,
ScriptTypesCon,Compound,,true,,1,Recompose,obj,,,,
ScriptTypes,Compound,,true,,,Recompose,obj,,,,
AITriggerTypes,Compound,,,true,,Recompose,obj,,,,"{""ColoredFrame"":true}"
ColorEdit,Compound,,,,,,,,,,
Category,Compound,,,,,,,,,,
AITargeting,Compound,,,,,,,,,,
Armor,Compound,,,,,,,,,,
CounterMath,Compound,,,,,,,,,,
Colors,Compound,,,,,,,,,,
CompareLogic,Compound,,,,,,,,,,
CounterActor,Compound,,,,,,,,,,
CounterReaction,Compound,,,,,,,,,,
DamageReactionMode,Compound,,,,,,,,,,
Locomotor,Compound,,,,,,,,,,
TeleportMode,Compound,,,,,,,,,,
Countries,Compound,,,,,,,,,,
MovementZone,Compound,,,,,,,,,,
VectorOrigin,Compound,,,,,,,,,,
Abilities,Compound,,,,,,,,,,
Land,Compound,,,,,,,,,,
Mission,Compound,,,,,,,,,,
CumulativeOptions,Compound,,,,,,,,,,
Versus,Compound,,,,,,,,,,
RGBFLH,Compound,,,,,,,,,,
VersusPlus,Compound,,true,,,Recompose,obj,,,,
DefineArmor,Compound,,true,,,SplitValue,obj,ArmorType,,,
SpBool,InputType,Bool,,,,Recompose,obj,,,,
SpInt,InputType,,,,,Recompose,obj,,,,
SpString,InputType,,,,,Recompose,obj,,,,
SpArray,InputType,Link,,,,Recompose,obj,,,,
SpArrayText,InputType,Link,,,,Recompose,obj,,,,
SpArrayInt,InputType,Link,,,,Recompose,obj,,,,
MultipleInput,InputType,,,,,Recompose,obj,,,,
AcceptTypeInput,InputType,,,,,Recompose,obj,,,,
DisabledString,InputType,,,,,,,,,,
ExportMode.Type,InputType,,,,,Recompose,obj,,,,
AcceptType.Type,InputType,Link,,,,Recompose,obj,,,,
NodeColorOpt,InputType,,,,,Recompose,obj,,,,
ColoredFrameInput,InputType,,,,,Recompose,obj,,,,
AsTag,InputType,,,,,Nothing,str,,,,
FormatComponents.Type,InputType,,,,,Nothing,str,,,,
InputComponents.Type,InputType,,,,,Recompose,obj,,,,
CollectInput,InputType,,,,,Recompose,obj,,,,
SetValue.Value,InputType,,,,,Recompose,obj,,,,
DisplayDesc,InputType,,,,,Recompose,obj,,,,
OptionsDesc,InputType,,true,,,Recompose,obj,,,,
InitialValue.SpBool,InputType,Bool,,,,Recompose,obj,,,,
InitialValue.SpInt,InputType,,,,,Recompose,obj,,,,
Bool.Fmt,InputType,,,,,Recompose,obj,,,,
Slider.ValueFormat,InputType,,,,,Recompose,obj,,,,
ValueMode,InputType,,,,,,,,,,
ConstraintsInput,InputType,,true,,,Recompose,obj,,,,
FormatMode,InputType,,,,,,,,,,
LinkNode.Type,InputType,Link,,,,Recompose,obj,,,,
StringListEntry,StringList,,true,true,1,Nothing,str,_AnyType,,,
Collector,StringList,Link,,,,Nothing,str,_AnyType,,,
MultipleCollector.0,StringList,Link,,,,Nothing,str,_AnyType,true,,
MultipleCollector.1,StringList,Link,true,,,Nothing,str,,,,
FactoryMatrix1,WIC,,true,,,Recompose,obj,,,,
FactoryMatrix2,WIC,,true,,,Recompose,obj,,,,
订单上限,WIC,,,,,Nothing,str,,,,
