inputType,slot,valueId,index,key,label
ScriptTypesCon,0,0,,0,攻击最接近的敌方目标
ScriptTypesCon,0,0,,5,原地待命6x秒
ScriptTypesCon,0,0,,6,转到行号
ScriptTypesCon,0,0,,8,运载工具卸载
ScriptTypesCon,0,0,,9,部署
ScriptTypesCon,0,0,,11,设置小队Mission
ScriptTypesCon,0,0,,14,装载到运载工具中(一个小队只能有一个可运输单位）
ScriptTypesCon,0,0,,43,等待直到运载工具装满
ScriptTypesCon,0,0,,46,攻击敌方建筑ID
ScriptTypesCon,0,0,,47,移动至敌方建筑ID
ScriptTypesCon,0,0,,49,该小队任务完成
ScriptTypesCon,0,0,,53,在敌方基地附近集结
ScriptTypesCon,0,0,,54,在己方基地附近集结
ScriptTypesCon,0,0,,55,请求铁幕，如果可用
ScriptTypesCon,0,0,,56,请求超时空传送至敌方建筑物ID
ScriptTypesCon,0,0,,57,请求超时空传送至敌方目标
ScriptTypesCon,0,0,,58,移动至己方建筑ID
ScriptTypesCon,0,0,,60,送入部队回收厂
ScriptTypesCon,0,0,,61,送入坦克碉堡
ScriptTypesCon,0,0,,62,送入生化反应炉
ScriptTypesCon,0,0,,63,进入战斗碉堡
ScriptTypesCon,0,0,,64,驻守最接近的平民建筑
ScriptTypesCon,1,1,,1,可攻击的任何目标
ScriptTypesCon,1,1,,2,敌方建筑物
ScriptTypesCon,1,1,,3,敌方资源单位，就是矿车和矿场
ScriptTypesCon,1,1,,4,敌方步兵
ScriptTypesCon,1,1,,5,敌方载具
ScriptTypesCon,1,1,,6,敌方工厂，包括建造场、兵营、战车工厂、空指部和造船厂
ScriptTypesCon,1,1,,7,敌方基地防御
ScriptTypesCon,1,1,,8,"基地威胁，目标在本方基地范围内的敌方单位,这个脚本不能用于战机"
ScriptTypesCon,1,1,,9,敌方发电厂
ScriptTypesCon,1,1,,10,可以驻守的平民建筑物
ScriptTypesCon,1,1,,11,可以占领的平民科技建筑物
ScriptTypesCon,2,1,,1,可攻击的任何目标
ScriptTypesCon,2,1,,2,敌方建筑物
ScriptTypesCon,2,1,,3,敌方资源单位，就是矿车和矿场
ScriptTypesCon,2,1,,4,敌方步兵
ScriptTypesCon,2,1,,5,敌方载具
ScriptTypesCon,2,1,,6,敌方工厂，包括建造场、兵营、战车工厂、空指部和造船厂
ScriptTypesCon,2,1,,7,敌方基地防御
ScriptTypesCon,2,1,,8,"基地威胁，目标在本方基地范围内的敌方单位,这个脚本不能用于战机"
ScriptTypesCon,2,1,,9,敌方发电厂
ScriptTypesCon,2,1,,10,可以驻守的平民建筑物
ScriptTypesCon,2,1,,11,可以占领的平民科技建筑物
ScriptTypesCon,21,1,,1,运载工具和卸出的单位都仍然是该小队的成员
ScriptTypesCon,21,1,,2,运载工具仍然是该小队的成员，卸出的单位不再属于该小队（成为新兵）
ScriptTypesCon,21,1,,3,运载工具不再属于该小队（成为新兵），卸出的单位仍然是该小队的成员
ScriptTypesCon,21,1,,4,运载工具和卸出的单位都不再属于该小队（成为新兵）
ScriptTypesCon,22,1,,0,Sleep - 休眠
ScriptTypesCon,22,1,,1,Attack - 根据威胁等级进行TeamType中的攻击任务
ScriptTypesCon,22,1,,2,Move - 移动
ScriptTypesCon,22,1,,3,QMove - 在其他部队移动结束后移动到目的地(遭遇战无效)
ScriptTypesCon,22,1,,4,Retreat - 撤退(可能会逃出地图)
ScriptTypesCon,22,1,,5,Guard - 防御，只攻击进入射程内的敌人
ScriptTypesCon,22,1,,6,Sticky - 与防御类似，会与敌人交战但不会移动和追击(默认无法重组，但是可以改)
ScriptTypesCon,22,1,,7,Enter - 进入建筑或运输工具，AI会自动找寻附近的建筑物进驻
ScriptTypesCon,22,1,,8,Capture - 用于MultiEngineer模式的工程师抢建筑
ScriptTypesCon,22,1,,9,Eaten - 修理时卖掉(疑似Ra95残留)
ScriptTypesCon,22,1,,10,Harvest - 采矿
ScriptTypesCon,22,1,,11,Area Guard - 区域防御，会主动迎击附近的敌人
ScriptTypesCon,22,1,,12, Return - 子机回归
ScriptTypesCon,22,1,,13,Stop - 停止当前动作
ScriptTypesCon,22,1,,14,Ambush - 无效
ScriptTypesCon,22,1,,15,Hunt-猎杀
ScriptTypesCon,22,1,,16,Unload - 运输单位卸货
ScriptTypesCon,22,1,,17,Sabotage - 放置C4或炸药
ScriptTypesCon,22,1,,18,Construction - 在建筑建立的位置造建筑(车辆部署建筑同样有效)
ScriptTypesCon,22,1,,19,Selling - 变卖建筑
ScriptTypesCon,22,1,,20,Repair - 修理
ScriptTypesCon,22,1,,21,Rescue - 救援(意味不明)
ScriptTypesCon,22,1,,22,Missile - 种蘑菇
ScriptTypesCon,22,1,,23,Harmless - 进入人畜无害状态
ScriptTypesCon,22,1,,24,Open - 开门开门开门呐！
ScriptTypesCon,22,1,,25,Patrol - 巡逻(遭遇战无效)
ScriptTypesCon,22,1,,26,Paradrop Approach - 空投靠近
ScriptTypesCon,22,1,,27,Paradrop Overfly - 空投
ScriptTypesCon,22,1,,28,Wait - 等待
ScriptTypesCon,22,1,,29,Move - (特殊)Chrono类单位移动到目的地
ScriptTypesCon,22,1,,30,Attack - (特殊)使用AreaFire武器开火
ScriptTypesCon,22,1,,31,Spyplane Approach - 侦察机靠近
ScriptTypesCon,22,1,,32,Spyplane Overfly - 侦察机侦查
ScriptTypes,0,3,,0,攻击最接近的敌方目标
ScriptTypes,0,3,,5,原地待命6x秒
ScriptTypes,0,3,,6,转到行号
ScriptTypes,0,3,,8,运载工具卸载
ScriptTypes,0,3,,9,部署
ScriptTypes,0,3,,11,设置小队Mission
ScriptTypes,0,3,,14,装载到运载工具中
ScriptTypes,0,3,,43,等待直到运载工装满
ScriptTypes,0,3,,46,攻击敌方建筑ID
ScriptTypes,0,3,,47,移动至敌方建筑ID
ScriptTypes,0,3,,49,该小队任务完成
ScriptTypes,0,3,,53,在敌方基地附近集结
ScriptTypes,0,3,,54,在己方基地附近集结
ScriptTypes,0,3,,55,请求铁幕，如果可用
ScriptTypes,0,3,,56,请求超时空传送至敌方建筑物ID
ScriptTypes,0,3,,57,请求超时空传送至敌方目标
ScriptTypes,0,3,,58,移动至己方建筑ID
ScriptTypes,0,3,,60,送入部队回收厂
ScriptTypes,0,3,,61,送入坦克碉堡
ScriptTypes,0,3,,62,送入生化反应炉
ScriptTypes,0,3,,63,进入战斗碉堡
ScriptTypes,0,3,,64,驻守最接近的平民建筑
AITriggerTypes,2,3,,<all>,所有
AITriggerTypes,2,3,,Americans,美国
AITriggerTypes,2,3,,Alliance,韩国
AITriggerTypes,2,3,,French,法国
AITriggerTypes,2,3,,British,英国
AITriggerTypes,2,3,,Germans,德国
AITriggerTypes,2,3,,Confederation,古巴
AITriggerTypes,2,3,,Africans,利比亚
AITriggerTypes,2,3,,Arabs,伊拉克
AITriggerTypes,2,3,,Russians,苏俄
AITriggerTypes,2,3,,YuriCountry,尤里
AITriggerTypes,4,5,,0,目标敌方单位满足条件
AITriggerTypes,4,5,,1,本方单位满足条件
AITriggerTypes,4,5,,2,敌方电力黄
AITriggerTypes,4,5,,3,敌方电力红
AITriggerTypes,4,5,,4,目标敌方金钱大于或等于
AITriggerTypes,4,5,,5,本方铁幕装置就绪
AITriggerTypes,4,5,,6,本方超时空传送就绪
AITriggerTypes,4,5,,7,平民单位满足条件
AITriggerTypes,7,8,,0,小于
AITriggerTypes,7,8,,1,小于或等于
AITriggerTypes,7,8,,2,等于
AITriggerTypes,7,8,,3,大于或等于
AITriggerTypes,7,8,,4,大于
AITriggerTypes,7,8,,5,不等于
AITriggerTypes,8,9,,10,10
AITriggerTypes,8,9,,20,20
AITriggerTypes,8,9,,40,40
AITriggerTypes,8,9,,50,50
AITriggerTypes,8,9,,70,70
AITriggerTypes,8,9,,500,500
AITriggerTypes,8,9,,5000,5000
AITriggerTypes,9,10,,10,10
AITriggerTypes,9,10,,20,20
AITriggerTypes,9,10,,40,40
AITriggerTypes,9,10,,50,50
AITriggerTypes,9,10,,70,70
AITriggerTypes,9,10,,500,500
AITriggerTypes,9,10,,5000,5000
AITriggerTypes,10,11,,10,10
AITriggerTypes,10,11,,20,20
AITriggerTypes,10,11,,40,40
AITriggerTypes,10,11,,50,50
AITriggerTypes,10,11,,70,70
AITriggerTypes,10,11,,500,500
AITriggerTypes,10,11,,5000,5000
Category,0,0,,AirLift,运输机
Category,0,0,,AirPower,战机
Category,0,0,,Transport,运输车
Category,0,0,,Support,基地车
Category,0,0,,LRFS,远射程载具
Category,0,0,,IFV,步兵载具
Category,0,0,,AFV,载具
Category,0,0,,Recon,Recon载具
Category,0,0,,Soldier,步兵
AITargeting,0,0,,None,不会用
AITargeting,0,0,,Nuke,侵略性或用触发指定
AITargeting,0,0,,LightningStorm,侵略性，不能和其他闪电一起
AITargeting,0,0,,PsychicDominator,最大的敌人单位集群
AITargeting,0,0,,GeneticMutator,3X3内最大的敌人步兵集群
AITargeting,0,0,,IronCurtain,运用55号脚本关联启动，类似原版铁幕
AITargeting,0,0,,ForceShield,敌人超武砸的地方
AITargeting,0,0,,ParaDrop,敌人家防御最差的地方
AITargeting,0,0,,DropPod,敌人基地中心外围空地
AITargeting,0,0,,Offensive,侵略性
AITargeting,0,0,,MultiMissile,根据附近单位威胁值选定目标
AITargeting,0,0,,HunterSeeker,像NoTarget一样，但是会打敌人的单位，这个只对一些超武有用
AITargeting,0,0,,NoTarget,随便砸，会导致Deliver等类型的超武无法正常生成对象
AITargeting,0,0,,Stealth,只攻击隐形单位，受SW.RequiresTarget和SW.RequiresHouse影响
AITargeting,0,0,,Self,砸这个超武的超武建筑
AITargeting,0,0,,Base,砸自己基地
AITargeting,0,0,,EnemyBase,砸敌人基地，不过这两个是直接算基地中心的单元格，哪怕那里什么都没有
AITargeting,0,0,,Attack,类似于NoTarget，但是会在所属方被攻击时启动（类似于自卫）
AITargeting,0,0,,LowPower,类似于NoTarget，但是会在所属方处于低电力时启动
AITargeting,0,0,,LowPowerAttack,把上面那两个结合在一起
AITargeting,0,0,,LightningRandom,随机瞄准，仍然读取指示者和抑制者，可以正常生成对象
Armor,0,0,,none,无装甲
Armor,0,0,,flak,步兵轻甲
Armor,0,0,,plate,步兵中甲
Armor,0,0,,light,单位轻甲
Armor,0,0,,medium,单位中甲
Armor,0,0,,heavy,单位重甲
Armor,0,0,,wood,建筑木甲
Armor,0,0,,steel,建筑钢甲
Armor,0,0,,concrete,建筑混凝土甲
Armor,0,0,,special_1,特殊甲1
Armor,0,0,,special_2,特殊甲2
CounterMath,0,0,,ASS,增加
CounterMath,0,0,,INTERCOURSE,定值
CounterMath,0,0,,SHIT,减少
CounterMath,0,0,,MASTURBATION,乘
Colors,0,0,,LightGold,橙色
Colors,0,0,,Gold,亮黄
Colors,0,0,,LightGrey,白
Colors,0,0,,Grey,灰
Colors,0,0,,Red,棕色
Colors,0,0,,DarkRed,红色
Colors,0,0,,Orange,橙色
Colors,0,0,,Magenta,粉色
Colors,0,0,,Purple,紫色
Colors,0,0,,LightBlue,浅蓝
Colors,0,0,,DarkBlue,蓝
Colors,0,0,,NeonBlue,紫色
Colors,0,0,,DarkSky,青色
Colors,0,0,,Green,浅绿
Colors,0,0,,DarkGreen,绿色
Colors,0,0,,NeonGreen,黑
Colors,0,0,,Yellow,黄色
Colors,0,0,,Purple2,紫色2
Colors,0,0,,Purple3,紫色3
CompareLogic,0,0,,EQ,等于
CompareLogic,0,0,,NE,不等于
CompareLogic,0,0,,GT,大于
CompareLogic,0,0,,LT,小于
CompareLogic,0,0,,GE,大于等于
CompareLogic,0,0,,LE,小于等于
CounterActor,0,0,,ME,触发器所在对象
CounterActor,0,0,,SUCK,触发器来源
CounterActor,0,0,,CUNNILINGUS,计数器来源
CounterReaction,0,0,,NO_PANTIES,普通计数器
CounterReaction,0,0,,HENTAI,与血量同时增减
CounterReaction,0,0,,SHIT,护盾，抵扣伤害
DamageReactionMode,0,0,,E-HENTAI,概率闪避
DamageReactionMode,0,0,,RoadRolarDa,比例减少
DamageReactionMode,0,0,,FUCK,刚毅盾，减到定值
DamageReactionMode,0,0,,PISS,免疫死亡
Locomotor,0,0,,{4A582741-9839-11d1-B709-00A024DDAFD1},地面载具
Locomotor,0,0,,{4A582742-9839-11d1-B709-00A024DDAFD1},悬浮载具
Locomotor,0,0,,{4A582743-9839-11d1-B709-00A024DDAFD1},钻地载具
Locomotor,0,0,,{4A582744-9839-11d1-B709-00A024DDAFD1},地面步兵
Locomotor,0,0,,{4A582745-9839-11d1-B709-00A024DDAFD1},空降仓投送
Locomotor,0,0,,{4A582746-9839-11d1-B709-00A024DDAFD1},机场飞机
Locomotor,0,0,,{4A582747-9839-11d1-B709-00A024DDAFD1},超时空
Locomotor,0,0,,{55D141B8-DB94-11d1-AC98-006008055BB5},步行鸡甲
Locomotor,0,0,,{92612C46-F71F-11d1-AC9F-006008055BB5},Jumpjet
Locomotor,0,0,,{2BEA74E1-7CCA-11d3-BE14-00104B62A16C},舰船
Locomotor,0,0,,{B7B49766-E576-11d3-9BD9-00104B972FE8},导弹
TeleportMode,0,0,,NONE,无
TeleportMode,0,0,,MOVE,传送到移动目标
TeleportMode,0,0,,WARHEAD,传送到传送弹头爆炸点
TeleportMode,0,0,,BOTH,双模式
Countries,0,0,,Americans,美国
Countries,0,0,,Alliance,韩国
Countries,0,0,,French,法国
Countries,0,0,,British,英国
Countries,0,0,,Germans,德国
Countries,0,0,,Confederation,古巴
Countries,0,0,,Africans,利比亚
Countries,0,0,,Arabs,伊拉克
Countries,0,0,,Russians,苏俄
Countries,0,0,,YuriCountry,尤里
MovementZone,0,0,,Amphibious, 两栖，可以同时被船厂和维修厂维修
MovementZone,0,0,,AmphibiousCrusher,两栖，并试图碾压步兵
MovementZone,0,0,,AmphibiousDestroyer,两栖，并试图摧毁障碍物（树木、沙袋、铁丝网）两栖步兵卡树的原因之一
MovementZone,0,0,,Crusher,陆地，并试图碾压步兵
MovementZone,0,0,,CrusherAll,陆地，并试图碾压一切包括围墙，根据Crusher决定穿墙而过还是强行碾掉不能碾的墙（真正决定是否为高级碾压的语句）
MovementZone,0,0,,Destroyer,陆地，并试图摧毁障碍物和碾压沙袋
MovementZone,0,0,,Fly,飞行，寻路无限制，会导致矿车无法手动返回矿场，PhobosBuild48已修复；会导致载具无法进入建筑
MovementZone,0,0,,Infantry,陆地，一般步兵
MovementZone,0,0,,InfantryDestroyer,陆地，步兵，试图摧毁障碍物
MovementZone,0,0,,Normal,陆地，并试图摧毁地形障碍和碾压步兵
MovementZone,0,0,,Subterannean,钻地车用，移动距离远时试图钻地，不钻地时与Crusher类似，作为矿车且被水域或悬崖包围时无法正确找到矿场，PhobosBuild49已修复
MovementZone,0,0,,Water,只在水中寻路
MovementZone,0,0,,WaterBeach,可在水中和海滩寻路
VectorOrigin,0,0,,Target,抛射体预定目标
VectorOrigin,0,0,,Launcher,发射者
VectorOrigin,0,0,,Source,此AE的来源
VectorOrigin,0,0,,Self,自身，但是FLH偏移
Abilities,0,0,,FASTER,移速加成
Abilities,0,0,,STRONGER,伤害减免
Abilities,0,0,,FIREPOWER,火力加成
Abilities,0,0,,SCATTER,自动散开
Abilities,0,0,,ROF,开火速度加成
Abilities,0,0,,SIGHT,视野加成
Abilities,0,0,,CLOAK,隐形
Abilities,0,0,,GUARD_AREA,区域守卫
Abilities,0,0,,CRUSHER,可以碾压
Abilities,0,0,,SELF_HEAL,自动回血
Abilities,0,0,,EXPLODES,死亡爆炸
Abilities,0,0,,RADAR_INVISIBLE,雷达上不可见
Abilities,0,0,,SENSORS,探测隐形
Abilities,0,0,,FEARLESS,无畏
Land,0,0,,Clear,Clear
Land,0,0,,Road,Road
Land,0,0,,Water,Water
Land,0,0,,Rock,Rock
Land,0,0,,Wall,Wall
Land,0,0,,Tiberium,Tiberium
Land,0,0,,Beach,Beach
Land,0,0,,Rough,Rough
Land,0,0,,Ice,Ice
Land,0,0,,Railroad,Railroad
Land,0,0,,Tunnel,Tunnel
Land,0,0,,Weeds,Weeds
Mission,0,0,,Attack,攻击
Mission,0,0,,Move,移动
Mission,0,0,,Guard,守卫
Mission,0,0,,Enter,进入建筑或车
Mission,0,0,,Capture,占领
Mission,0,0,,AreaGuard,区域守卫
Mission,0,0,,Stop,停止
Mission,0,0,,Hunt,猎杀
Mission,0,0,,Unload,部署
Mission,0,0,,Sleep,睡觉
Mission,0,0,,Sabotage,C4任务
Mission,0,0,,Construction,播放建造动画
Mission,0,0,,Selling,建筑出售
Mission,0,0,,Repair,维修厂维修
Mission,0,0,,Rescue,救援，意味不明
Mission,0,0,,Missile,核弹发射井发射
Mission,0,0,,Harmless,无威胁
Mission,0,0,,Open,大门类建筑打开
Mission,0,0,,Patrol,路径点巡逻
Mission,0,0,,Eaten,进入回收站
Mission,0,0,,QMove,路径点移动
Mission,0,0,,Retreat,跑路
Mission,0,0,,Sticky,类Guard，但是不动
Mission,0,0,,Harvest,挖矿
Mission,0,0,,Return,挖矿返回
Mission,0,0,,Ambush,埋伏
CumulativeOptions,0,0,,NIPPLE,不可叠加
CumulativeOptions,0,0,,YEAAAAAAAAH,无限叠加
CumulativeOptions,0,0,,AssWeCan,每个单位一个
CumulativeOptions,0,0,,Hentai,每个阵营一个
ExportMode.Type,0,0,,Default,默认导出
ExportMode.Type,0,0,,Nothing,不导出
ExportMode.Type,0,0,,SplitValue,分割值
ExportMode.Type,0,0,,Recompose,重组键值
ExportMode.Type,0,0,,Import,语句包
NodeColorOpt,0,0,,Preset,默认值
NodeColorOpt,0,0,,Custom,自定义
FormatComponents.Type,0,0,0,Text,纯文本
FormatComponents.Type,0,0,1,Text,仅作为一段纯文本的格式组件。
FormatComponents.Type,0,0,0,ToString,转换为字符串
FormatComponents.Type,0,0,1,ToString,将输入值转换为字符串的格式组件。
FormatComponents.Type,0,0,0,ValueList,值列表
FormatComponents.Type,0,0,1,ValueList,将一组输入值连接成字符串列表的格式组件。
FormatComponents.Type,0,0,0,ExportKey,读取键名
FormatComponents.Type,0,0,1,ExportKey,会被替换成这一行的键名。
FormatComponents.Type,0,0,0,ExportRegistry,读取注册名
FormatComponents.Type,0,0,1,ExportRegistry,会被替换成所在模块的注册名。
FormatComponents.Type,0,0,0,RandomString,随机字符串
FormatComponents.Type,0,0,1,RandomString,输出一个指定长度的随机字符串。
FormatComponents.Type,0,0,0,LineIndexFrom,行号起始值
FormatComponents.Type,0,0,1,LineIndexFrom,输出一个递增的整数行号。
FormatComponents.Type,0,0,0,Collect,收集值
FormatComponents.Type,0,0,1,Collect,收集一组值并连接成列表。
InputComponents.Type,0,0,0,Text,纯文本
InputComponents.Type,0,0,1,Text,显示一段静态文本。
InputComponents.Type,0,0,0,SetValue,固定值
InputComponents.Type,0,0,1,SetValue,将指定变量设为固定值，不显示UI。
InputComponents.Type,0,0,0,InputText,文本输入框
InputComponents.Type,0,0,1,InputText,单行文本输入框，可绑定变量。
InputComponents.Type,0,0,0,Link,连线节点
InputComponents.Type,0,0,1,Link,显示连线节点，用于连接其他模块。
InputComponents.Type,0,0,0,EnumCombo,下拉菜单
InputComponents.Type,0,0,1,EnumCombo,一个下拉菜单，从预设选项中选择一项。
InputComponents.Type,0,0,0,EnumRadio,单选按钮
InputComponents.Type,0,0,1,EnumRadio,一组单选按钮，从预设选项中选择一项。
InputComponents.Type,0,0,0,MultipleChoice,勾选框组
InputComponents.Type,0,0,1,MultipleChoice,一组勾选框，支持多选。
InputComponents.Type,0,0,0,Bool,布尔值
InputComponents.Type,0,0,1,Bool,布尔值开关，可自定义真/假文本。
InputComponents.Type,0,0,0,InputInt,整数输入框
InputComponents.Type,0,0,1,InputInt,整数输入框，可限制范围。
InputComponents.Type,0,0,0,SliderInt,整数滑动条
InputComponents.Type,0,0,1,SliderInt,整数滑动条，限制范围内滑动并支持对数刻度。
InputComponents.Type,0,0,0,ColorPanel,取色器
InputComponents.Type,0,0,1,ColorPanel,颜色选择面板，支持多种格式输出。
InputComponents.Type,0,0,0,SameLine,取消换行
InputComponents.Type,0,0,1,SameLine,指示下一个组件与当前组件显示在同一行。
InputComponents.Type,0,0,0,NewLine,插入空行
InputComponents.Type,0,0,1,NewLine,插入一个空行，用于布局分隔。
InputComponents.Type,0,0,0,Separator,分割线
InputComponents.Type,0,0,1,Separator,插入一条水平分割线，用于视觉分隔。
CollectInput,0,0,,ID,指定ID
CollectInput,0,0,,Format,格式组件列表
CollectInput,0,0,,Full,全部值
Bool.Fmt,0,0,,Preset,使用预设值
Bool.Fmt,0,0,,Custom,使用自定义值
Bool.Fmt,3,3,,true_false,true/false
Bool.Fmt,3,3,,True_False,True/False
Bool.Fmt,3,3,,TRUE_FALSE,TRUE/FALSE
Bool.Fmt,3,3,,yes_no,yes/no
Bool.Fmt,3,3,,Yes_No,Yes/No
Bool.Fmt,3,3,,YES_NO,YES/NO
Bool.Fmt,3,3,,t_f,t/f
Bool.Fmt,3,3,,T_F,T/F
Bool.Fmt,3,3,,y_n,y/n
Bool.Fmt,3,3,,Y_N,Y/N
Bool.Fmt,3,3,,1_0,1/0
ValueMode,0,0,,RGB,RGB
ValueMode,0,0,,BGR,BGR
ValueMode,0,0,,HSV,HSV
ConstraintsInput,1,1,,Equal,等于
ConstraintsInput,1,1,,NEqual,不等于
ConstraintsInput,1,1,,Empty,为空
ConstraintsInput,1,1,,NEmpty,不为空
ConstraintsInput,1,1,0,RegexFull,正则完全匹配
ConstraintsInput,1,1,1,RegexFull,需满足整个字符串完全匹配正则表达式。
ConstraintsInput,1,1,0,RegexMatch,正则部分匹配
ConstraintsInput,1,1,1,RegexMatch,需满足字符串中包含正则表达式的某个匹配。
ConstraintsInput,1,1,0,RegexNotFull,正则不完全匹配
ConstraintsInput,1,1,1,RegexNotFull,需满足字符串中不能完全匹配正则表达式。
ConstraintsInput,1,1,0,RegexNotMatch,正则完全不匹配
ConstraintsInput,1,1,1,RegexNotMatch,需满足字符串中不包含正则表达式的任一匹配。
FormatMode,0,0,,Int,"int(如255,255,255)"
FormatMode,0,0,,Float,"float(如0.5,0.5,0.5)"
FormatMode,0,0,,Hex,hex(如FF0000)
FormatMode,0,0,,#Hex,#hex(如#FF0000)
