inputType,line,keyTemplate,valueTemplate
InitialPayload,0,InitialPayload.Types,@0
InitialPayload,1,InitialPayload.Nums,@1
TaskForces,0,#0,"{1}|,|{2}"
ScriptTypesCon,0,#0,"{0}|,|{1}"
ScriptTypes,0,#0,"{0}|,|{1}"
AITriggerTypes,0,?8,"V(1,2,3,4,5,6,7)|0000000|{8}|000000000000000000000000000000000000000000000000000000|,|V(9,10,11)|,1,0,|{12}|,0,|V(13,14,15,16)"
VersusPlus,0,Versus.|{0},{1}
VersusPlus,1,Versus.|{0}|.ForceFire,{2}
VersusPlus,2,Versus.|{0}|.Retaliate,{3}
VersusPlus,3,Versus.|{0}|.PassiveAcquire,{4}
SpBool,0,<Export_Key>,"J:{""ExportConstraint"":{""0"":""!<EMPTY>""},""Text"":""B#""}|{0}"
SpInt,0,<Export_Key>,"J:{""ExportConstraint"":{""0"":""!<EMPTY>""},""Text"":""I#""}|{0}"
SpString,0,<Export_Key>,"J:{""ExportConstraint"":{""0"":""!<EMPTY>""},""Text"":""S#""}|{0}"
SpArray,0,<Export_Key>,A#|{0}
SpArrayText,0,<Export_Key>,A#|{0}
SpArrayInt,0,<Export_Key>,IA#|{0}
MultipleInput,0,Multiple,"J:{""ExportConstraint"":{""0"":""!<EMPTY>""},""Text"":""B#""}|{0}"
MultipleInput,1,LineIDFrom,"J:{""ExportConstraint"":{""1"":""yes""},""Text"":""I#""}|J:{""ExportConstraint"":{""1"":""yes""},""ValueIDToString"":2}"
AcceptTypeInput,0,AcceptType,{1}
ExportMode.Type,0,Type,{0}
AcceptType.Type,0,Type,{0}
NodeColorOpt,0,<Export_Key>,"J:{""ExportConstraint"":{""0"":""Custom""},""Text"":""IA#""}|J:{""ExportConstraint"":{""0"":""Custom""},""ValueIDToString"":1}"
ColoredFrameInput,0,ColoredFrame,"J:{""ExportConstraint"":{""0"":""!<EMPTY>""},""Text"":""B#""}|{0}"
ColoredFrameInput,1,"O#LinkNode,Color","J:{""ExportConstraint"":{""0"":""yes""},""Text"":""IA#""}|J:{""ExportConstraint"":{""0"":""yes""},""ValueIDToString"":1}"
InputComponents.Type,0,Type,{0}
CollectInput,0,CollectID,"J:{""ExportConstraint"":{""0"":""ID""},""Text"":""I#""}|J:{""ExportConstraint"":{""0"":""ID""},""ValueIDToString"":1}"
CollectInput,1,CollectFormat,"J:{""ExportConstraint"":{""0"":""Format""},""ValueIDToString"":2}"
SetValue.Value,0,Value,{0}
DisplayDesc,0,<Export_Key>,"J:{""ExportConstraint"":{""1"":""!<EMPTY>""},""Text"":""A#""}|J:{""ExportConstraint"":{""1"":""<EMPTY>""},""Text"":""S#""}|{0}|J:{""ExportConstraint"":{""1"":""!<EMPTY>""},""Text"":"",""}|{1}"
OptionsDesc,0,"O#|<Export_Key>|,|{0}","J:{""ExportConstraint"":{""2"":""!<EMPTY>""},""Text"":""A#""}|J:{""ExportConstraint"":{""2"":""<EMPTY>""},""Text"":""S#""}|{1}|J:{""ExportConstraint"":{""2"":""!<EMPTY>""},""Text"":"",""}|{2}"
InitialValue.SpBool,0,InitialValue,"J:{""ExportConstraint"":{""0"":""!<EMPTY>""},""Text"":""B#""}|{0}"
InitialValue.SpInt,0,InitialValue,"J:{""ExportConstraint"":{""0"":""!<EMPTY>""},""Text"":""I#""}|{0}"
Bool.Fmt,0,Fmt,"J:{""ExportConstraint"":{""0"":""Custom""},""Text"":""A#""}|J:{""ExportConstraint"":{""0"":""Custom""},""ValueIDToString"":1}|J:{""ExportConstraint"":{""0"":""Custom""},""Text"":"",""}|J:{""ExportConstraint"":{""0"":""Custom""},""ValueIDToString"":2}|J:{""ExportConstraint"":{""0"":""Preset""},""ValueIDToString"":3}"
Slider.ValueFormat,0,ValueFormat,{0}
ConstraintsInput,0,"J:{""ExportConstraint"":{""1"":{""RegexMatch"":""^Regex""}},""Text"":""O#""}|{0}|J:{""ExportConstraint"":{""1"":{""RegexMatch"":""^Regex""}},""Text"":"",""}|J:{""ExportConstraint"":{""1"":{""RegexMatch"":""^Regex""}},""ValueIDToString"":1}","J:{""ExportConstraint"":{""1"":""NEqual""},""Text"":""!""}|J:{""ExportConstraint"":{""1"":""Empty""},""Text"":""<EMPTY>""}|J:{""ExportConstraint"":{""1"":""NEmpty""},""Text"":""!<EMPTY>""}|J:{""ExportConstraint"":{""1"":{""RegexNotMatch"":""^(Empty\|NEmpty)$""}},""ValueIDToString"":2}"
LinkNode.Type,0,Type,{0}
FactoryMatrix1,0,Power.Bases,"J:{""FromKey"":""订单上限""}|,|@1|,|@2|,|@3|,|@1(from=FactoryMatrix2;nonEmpty)"
FactoryMatrix1,1,Effect.Technos,@0
FactoryMatrix1,2,Effect.Counts,@4
FactoryMatrix2,0,Effect.AcceptBuffs,@0
