语句名,链接种类,链接限制,短描述,长描述,连线颜色(RGB),输入类型,许可模块类型,英文注释
AllowAnimDamageTakeOverByKratos,bool,-1,AllowAnimDamageTakeOverByKratos,允许Kratos接管由动画产生的伤害机制，产生的伤害和弹头动画获得所属传递,,
AllowDamageIfDebrisHitWater,bool,-1,AllowDamageIfDebrisHitWater,允许碎片\流星落到水上时产生伤害，注意：当与Phobos一起使用时，该设置无效，请使用Phobos提供的ExplodeOnWater,,
AllowAutoPickStandAsTarget,bool,-1,AllowAutoPickStandAsTarget,允许单位索敌时搜索替身,,
AllowAIAttackFriendlies,bool,-1,AllowAIAttackFriendlies,允许AI攻击友军单位，AI在将友军单位选择为目标时不再强制取消目标,,
AllowUnitAsBaseNormal,bool,-1,AllowUnitAsBaseNormal,允许使用单位作为建造节点,,
AllowJumpjetAsBaseNormal,bool,-1,AllowJumpjetAsBaseNormal,允许JJ作为建造节点,,
AllowStandAsBaseNormal,bool,-1,AllowStandAsBaseNormal,允许替身单位作为建造节点,,
AllowMakeVoxelDebrisByKratos,bool,-1,AllowMakeVoxelDebrisByKratos,允许Kratos接管Vxl碎片产生，DebrisTypes对应DebrisMaximums创建碎片,,
Proximity.PenetrationWeapon,WeaponTypes,-1,Proximity.PenetrationWeapon,启用碰撞引信时，对穿透的目标发射额外的武器，覆盖上一条,ffff00,
Bounce.Weapon,WeaponTypes,-1,Bounce.Weapon,发生弹跳后，使用另外的武器,ffff00,
DisableAircraftAutoPitch,bool,-1,DisableAircraftAutoPitch,关闭飞行器在上升和下降时自动调整俯仰角度，不影响俯冲的低头和抬头,,
DecoyMissile.Weapon,WeaponTypes,-1,DecoyMissile.Weapon,热诱弹武器,ffff00,
DecoyMissile.EliteWeapon,WeaponTypes,-1,DecoyMissile.EliteWeapon,精英单位热诱弹武器,ffff00,
AllowTakeoverPhobosShadowMaker,bool,-1,AllowTakeoverPhobosShadowMaker,允许Kratos强制接管Phobos B39的影子修改逻辑,,
SupportSpawns.Weapons,WeaponTypes,-1,SupportSpawns.Weapons,武器,ffff00,
SupportSpawns.EliteWeapons,WeaponTypes,-1,SupportSpawns.EliteWeapons,精英武器,ffff00,
ExtraFire.WeaponX,WeaponTypes,-1,ExtraFire.WeaponX,适用于WeaponX的附加武器设置，X=1\2\3\4，不会覆盖Primary和Secondary,ffff00,
Dive.PullUpAfterFire,bool,-1,Dive.PullUpAfterFire,发射武器后即刻停止调整高度,,
Dive.HeadToTarget,bool,-1,Dive.HeadToTarget,俯冲触发时是否调整鸡头指向目标，否时只降低高度不调整俯仰,,
Fighter.AreaGuard,bool,-1,Fighter.AreaGuard,是否可以执行Ctrl+Alt的区域防守命令,,
Fighter.AutoGuard,bool,-1,Fighter.AutoGuard,不需要按Ctrl+Alt，只需要移动就自动进入巡航状态,,
Fighter.DefaultToGuard,bool,-1,Fighter.DefaultToGuard,在地面待机时，自动起飞绕机场巡航,,
ExtraFire.EliteWeaponX,WeaponTypes,-1,ExtraFire.EliteWeaponX,适用于WeaponX的附加武器设置，X=1\2\3\4，不会覆盖Primary和Secondary,ffff00,
Fighter.AutoFire,bool,-1,Fighter.AutoFire,是否对进入范围的目标进行攻击，如果为否，则只在空中盘旋待命，建议战斗机为yes轰炸机类为no,,
OverrideWeapon.Types,WeaponTypes,-1,OverrideWeapon.Types,武器发射时，使用这个武器替换，不会影响射程和索敌，不想覆盖就写none，写多个时随机选择其中一个,ffff00,
OverrideWeapon.EliteTypes,WeaponTypes,-1,OverrideWeapon.EliteTypes,精英时，使用这个武器替换，不想覆盖就写none，写多个时随机选择其中一个,ffff00,
AutoWeapon.Types,WeaponTypes,-1,AutoWeapon.Types,自动发射的武器 (原标签 WeaponTypes 更名为 Types),ffff00,
Fighter.FindRangeAroundSelf,bool,-1,Fighter.FindRangeAroundSelf,是否以战机自身位置计算寻敌半径，默认为false，即以ctrl+alt点击的位置为中心点寻敌，如果为是择以战机当前所在位置寻敌,,
AutoWeapon.EliteTypes,WeaponTypes,-1,AutoWeapon.EliteTypes,精英自动发射的武器，不写则是发射上面的武器 (原标签 EliteWeaponTypes 更名为 EliteTypes),ffff00,
Fighter.Clockwise,bool,-1,Fighter.Clockwise,顺时针巡航,,
Fighter.Randomwise,bool,-1,Fighter.Randomwise,随机顺时针或逆时针巡航,,
Revenge.Types,WeaponTypes,-1,Revenge.Types,单位被打死时，向攻击者发射武器,ffff00,
ExtraFire.Weapon1,WeaponTypes,-1,ExtraFire.WeaponX,适用于WeaponX的附加武器设置，X=1\2\3\4，不会覆盖Primary和Secondary,ffff00,
AntiMissile.OneShotOneKill,bool,-1,AntiMissile.OneShotOneKill,一击必杀,,
AntiMissile.Harmless,bool,-1,AntiMissile.Harmless,和平处置，抛射体不会炸,,
AntiMissile.Self,bool,-1,AntiMissile.Self,单位自身反抛射体,,
AntiMissile.ForPassengers,bool,-1,AntiMissile.ForPassengers,使用乘客反抛射体，结合上一条,,
AntiMissile.ScanAll,bool,-1,AntiMissile.ScanAll,是否扫描范围内的所有抛射体，还是只反瞄准自身的抛射体,,
ExtraFire.EliteWeapon1,WeaponTypes,-1,ExtraFire.EliteWeaponX,适用于WeaponX的附加武器设置，X=1\2\3\4，不会覆盖Primary和Secondary,ffff00,
OverrideWeapon.Types,WeaponTypes,-1,OverrideWeapon.Types,武器发射时，使用这个武器替换，不会影响射程和索敌，不想覆盖就写none，写多个时随机选择其中一个,ffff00,
OverrideWeapon.EliteTypes,WeaponTypes,-1,OverrideWeapon.EliteTypes,精英时，使用这个武器替换，不想覆盖就写none，写多个时随机选择其中一个,ffff00,
Interceptable,bool,-1,Interceptable,抛射体是否可以拦截，默认否,,
Bounce.Weapon,WeaponTypes,-1,Bounce.Weapon,发生弹跳后，弹起的是另一个武器，弹跳次数也衰减会传递给新抛射体，需注意Times的设置,ffff00,
Proximity.PenetrationWarhead,Warheads,-1,Proximity.PenetrationWarhead,启用碰撞引信时，对穿透的目标造成伤害的弹头，默认为自身弹头,ff6666,
DamageSelf.Warhead,Warheads,-1,DamageSelf.Warhead,伤害使用的弹头,ff6666,
Counter.Reaction.OnlyReactionWarheads,Warheads,-1,Counter.Reaction.OnlyReactionWarheads,只对这些弹头进行响应,ff6666,
Counter.Reaction.NotReactionWarheads,Warheads,-1,Counter.Reaction.NotReactionWarheads,不对这些弹头进行响应,ff6666,
DamageSelf.Warhead,Warheads,-1,DamageSelf.Warhead,伤害使用的弹头,ff6666,
BlackHole.Damage.Warhead,Warheads,-1,BlackHole.Damage.Warhead,黑洞伤害的弹头,ff6666,
AutoFireAreaWeapon.CheckAmmo,bool,-1,AutoFireAreaWeapon.CheckAmmo,检查弹药是否足够武器的消耗，但不会消耗弹药,,
AutoFireAreaWeapon.UseAmmo,bool,-1,AutoFireAreaWeapon.UseAmmo,武器发射时消耗弹药,,
AutoFireAreaWeapon.TargetToGround,bool,-1,AutoFireAreaWeapon.TargetToGround,武器朝向的单位所处的格子开火，否则向自身开火,,
Immune.AntiWarheads,Warheads,-1,Immune.AntiWarheads,对这些弹头免疫，不会被该弹头的武器索敌也无法造成伤害,ff6666,
Immune.AcceptWarheads,Warheads,-1,Immune.AcceptWarheads,只有这些弹头可以索敌和造成伤害,ff6666,
Revenge.OnlyReactionWarheads,Warheads,-1,Revenge.OnlyReactionWarheads,只对这些弹头进行响应,ff6666,
Revenge.NotReactionWarheads,Warheads,-1,Revenge.NotReactionWarheads,不对这些弹头进行响应,ff6666,
DamageReaction.OnlyReactionWarheads,Warheads,-1,DamageReaction.OnlyReactionWarheads,只对这些弹头响应,ff6666,
DamageReaction.NotReactionWarheads,Warheads,-1,DamageReaction.NotReactionWarheads,不对这些弹头进行响应,ff6666,
FireSuperWeapon.RealLaunch,bool,-1,FireSuperWeapon.RealLaunch,发射后超级武器进入冷却,,
DefaultUnitDisguise,VehicleTypes,1,DefaultUnitDisguise,默认PermaDisguise=yes的伪装坦克的伪装类型,00ff00,
FireSuperWeapon.ToTarget,bool,-1,FireSuperWeapon.ToTarget,朝目标位置发射超级武器,,
Trail.Type,TrailType,1,Trail.Type,尾巴的类型，X=0-11，最多可以绘制12条尾巴,ffccff,
Stand.Type,TechnoTypes,1,Stand.Type,替身类型，可以是虚拟单位,00ff00,
AttackBeacon.Types,TechnoTypes,-1,AttackBeacon.Types,炒粉谁，不写则是全部类型,00ff00,
AttackBeacon.EliteTypes,TechnoTypes,-1,AttackBeacon.EliteTypes,炒粉谁，不写则是全部类型,00ff00,
DestroyAnim.WreckType,TechnoTypes,-1,DestroyAnim.WreckType,死亡时在原位置刷出另一个实体单位，作为残骸存在，残骸默认任务为Sleep，设置时覆盖动画设置,00ff00,
DestroyAnim.AffectTypes,TechnoTypes,-1,DestroyAnim.AffectTypes,类型过滤，可影响的单位，如果设置，则只有列表中的单位死亡时替换死亡动画,00ff00,
FireSuperWeapon.EliteRealLaunch,bool,-1,FireSuperWeapon.EliteRealLaunch,精英时发射后超级武器进入冷却,,
DestroyAnim.NotAffectTypes,TechnoTypes,-1,DestroyAnim.NotAffectTypes,类型过滤，不可影响的单位，如果设置，则列表中的单位死亡时不会替换死亡动画,00ff00,
FireSuperWeapon.EliteToTarget,bool,-1,FireSuperWeapon.EliteToTarget,精英时朝目标位置发射超级武器,,
GiftBox.Types,TechnoTypes,-1,GiftBox.Types,礼物,00ff00,
GiftBox.EliteTypes,TechnoTypes,-1,GiftBox.EliteTypes,精英时开盒的礼物,00ff00,
DeployToTransform.Types,TechnoTypes,-1,DeployToTransform.Types,部署跨类型变形，可以写多个,00ff00,
DeployToTransform.EliteTypes,TechnoTypes,-1,DeployToTransform.EliteTypes,部署跨类型变形，可以写多个,00ff00,
UndeployToTransform.Types,TechnoTypes,-1,UndeployToTransform.Types,部署跨类型变形，可以写多个,00ff00,
UndeployToTransform.EliteTypes,TechnoTypes,-1,UndeployToTransform.EliteTypes,部署跨类型变形，可以写多个,00ff00,
DeployToTransform.Types,TechnoTypes,-1,DeployToTransform.Types,部署跨类型变形，可以写多个,00ff00,
FireSuperWeapon.RealLaunch,bool,-1,FireSuperWeapon.RealLaunch,发射后超级武器进入冷却,,
DeployToTransform.EliteTypes,TechnoTypes,-1,DeployToTransform.EliteTypes,部署跨类型变形，可以写多个,00ff00,
UndeployToTransform.EliteTypes,TechnoTypes,-1,UndeployToTransform.EliteTypes,部署跨类型变形，可以写多个,00ff00,
AttachFire.AffectTypes,TechnoTypes,-1,AttachFire.AffectTypes,可射击的单位类型,00ff00,
AttachFire.NotAffectTypes,TechnoTypes,-1,AttachFire.NotAffectTypes,不可射击的单位类型,00ff00,
AffectTypes,TechnoTypes,-1,AffectTypes,类型过滤，可影响的单位，如果设置，则只可以影响列表中的单位,00ff00,
Damage.KillByCreater,bool,-1,Damage.KillByCreater,如果动画的生成者活着，可以获得动画伤害造成的击杀，灵能风暴，附着在单位身上的动画生成者是单位自身，yes时将无法伤害自己,,
NotAffectTypes,TechnoTypes,-1,NotAffectTypes,类型过滤，不可影响的单位，如果设置，则列表中的单位不被吸引，优先级更高,00ff00,
Warhead.PlayAnim,bool,-1,Warhead.PlayAnim,动画使用弹头制造伤害后，播放弹头的动画,,
,,,,,,
Weapon.AllowDamage,bool,-1,Weapon.AllowDamage,是否使用武器上设置的伤害值而非动画自身上设置的伤害值,,
Stand.Type,TechnoTypes,-1,Stand.Type,替身类型，可以是虚拟单位,00ff00,
AttackBeacon.Types,TechnoTypes,-1,AttackBeacon.Types,炒粉谁，不写则是全部类型,00ff00,
AttackBeacon.EliteTypes,TechnoTypes,-1,AttackBeacon.EliteTypes,炒粉谁，不写则是全部类型,00ff00,
Broadcast.AffectTypes,TechnoTypes,-1,Broadcast.AffectTypes,类型过滤，可影响的单位，如果设置，则只可以影响列表中的单位,00ff00,
Stand.Immune,bool,-1,Stand.Immune,替身是否可以收到伤害,,
Stand.Explodes,bool,-1,Stand.Explodes,替身AE结束时替身单位视同死亡并触发死亡效果。No时直接移除,,
Stand.VirtualUnit,bool,-1,Stand.VirtualUnit,虚拟单位，不存在于地图上的单位,,
Broadcast.NotAffectTypes,TechnoTypes,-1,Broadcast.NotAffectTypes,类型过滤，不可影响的单位，如果设置，则列表中的单位不被吸引，优先级更高,00ff00,
Host.Types,TechnoTypes,-1,Host.Types,刷的单位类型,00ff00,
Host.EliteTypes,TechnoTypes,-1,Host.EliteTypes,精英时开盒的礼物,00ff00,
Transform.Type,TechnoTypes,1,Transform.Type,变形的目标，只能同类之间转换,00ff00,
BlackHole.AffectTypes,TechnoTypes,-1,BlackHole.AffectTypes,类型过滤，可影响的单位，如果设置，则只可以影响列表中的单位,00ff00,
Spawns.RandomType,bool,-1,Spawns.RandomType,随机从列表中选取类型，并释放等于Nums列表中数值总和的礼物数量,,
BlackHole.NotAffectTypes,TechnoTypes,-1,BlackHole.NotAffectTypes,类型过滤，不可影响的单位，如果设置，则列表中的单位不被吸引，优先级更高,00ff00,
GiftBox.Types,TechnoTypes,-1,GiftBox.Types,礼物,00ff00,
GiftBox.EliteTypes,TechnoTypes,-1,GiftBox.EliteTypes,精英时开盒的礼物,00ff00,
Revenge.NotAffectTypes,TechnoTypes,-1,Revenge.NotAffectTypes,类型过滤，不可影响的单位，如果设置，则不向列表中的单位复仇，优先级更高,00ff00,
Vampire.AffectTypes,TechnoTypes,-1,Vampire.AffectTypes,类型过滤，可影响的单位，如果设置，则向列表中的单位复仇,00ff00,
Vampire.NotAffectTypes,TechnoTypes,-1,Vampire.NotAffectTypes,类型过滤，不可影响的单位，如果设置，则不向列表中的单位复仇，优先级更高,00ff00,
Spawns.TriggerOnDone,bool,-1,Spawns.TriggerOnDone,正常情况下是在动画结束时触发,,
Spawns.TriggerOnNext,bool,-1,Spawns.TriggerOnNext,正常情况下是在动画结束播放时触发，设置为yes则在next触发时触发,,
Spawns.TriggerOnLoop,bool,-1,Spawns.TriggerOnLoop,正常情况下是在动画结束播放时触发，设置为yes则在loop结束时触发,,
Spawns.TriggerOnStart,bool,-1,Spawns.TriggerOnStart,正常情况下是在动画结束时触发，设置为yes则在开始播放时触发,,
DestroyAnim.WreckType,TechnoTypes,1,DestroyAnim.WreckType,死亡时在原位置刷出另一个实体单位，作为残骸存在，残骸默认任务为Sleep，设置时覆盖动画设置,00ff00,
DestroyAnim.AffectTypes,TechnoTypes,-1,DestroyAnim.AffectTypes,类型过滤，可影响的单位，如果设置，则只有列表中的单位死亡时替换死亡动画,00ff00,
DestroyAnim.NotAffectTypes,TechnoTypes,-1,DestroyAnim.NotAffectTypes,类型过滤，不可影响的单位，如果设置，则列表中的单位死亡时不会替换死亡动画,00ff00,
Pump.AffectTypes,TechnoTypes,-1,Pump.AffectTypes,类型过滤，可影响的单位，如果设置，则向列表中的单位复仇,00ff00,
Destroy.RandomType,bool,-1,Destroy.RandomType,随机从列表中选取类型,,
Pump.NotAffectTypes,TechnoTypes,-1,Pump.NotAffectTypes,类型过滤，不可影响的单位，如果设置，则不向列表中的单位复仇，优先级更高,00ff00,
AdvancedBallistics,bool,-1,AdvancedBallistics,高级弹道学，重新计算抛物线，Arcing将变得更精准，但与Phobos的Gravity=0冲突，二选一,,
,bool,,,,,
ECM.AffectTypes,TechnoTypes,-1,ECM.AffectTypes,类型过滤，可影响的单位，如果设置，则只转向清单中的单位,00ff00,
ECM.NotAffectTypes,TechnoTypes,-1,ECM.NotAffectTypes,类型过滤，不可影响的单位，如果设置，则不转向列表中的单位，优先级更高,00ff00,
,bool,,,,,
Upload.AffectTypes,TechnoTypes,-1,Upload.AffectTypes,类型过滤，可影响的单位，如果设置，则只可以影响列表中的单位,00ff00,
,,,,,,
Upload.NotAffectTypes,TechnoTypes,-1,Upload.NotAffectTypes,类型过滤，不可影响的单位，如果设置，则不影响列表中的单位，优先级更高,00ff00,
Straight,bool,-1,Straight,非ROT=1强制启用直线弹道,,
AbsolutelyStraight,bool,-1,AbsolutelyStraight,绝对直线，不朝目标点移动而是朝向单位正前方移动（御雷机甲），强制启用触碰引信,,
Proximity,bool,-1,Proximity,启用触碰引信，抛射体与地面非友军任意目标处于同一个格子时引爆,,
SubjectToGround,bool,-1,SubjectToGround,抛射体潜入地面以下时是否强制引爆，导弹类型（ROT>1）默认为yes，直线启用时与Arcing类型默认值为no,,
Feedback.AffectTypes,TechnoTypes,-1,Feedback.AffectTypes,类型过滤，可影响的单位，如果设置，则只可以影响列表中的单位,00ff00,
Proximity.Force,bool,-1,Proximity.Force,强制启用碰撞引信,,
Proximity.Blade,bool,-1,Proximity.Blade,检测无视高度，所有处于格子位置上的单位都视为判定目标,,
Feedback.NotAffectTypes,TechnoTypes,-1,Feedback.NotAffectTypes,类型过滤，不可影响的单位，如果设置，则不影响列表中的单位，优先级更高,00ff00,
FireSuperWeapon.Types,SuperWeaponTypes,-1,FireSuperWeapon.Types,发射的超武,00ffff,
FireSuperWeapon.EliteTypes,SuperWeaponTypes,-1,FireSuperWeapon.EliteTypes,精英发射的超武,00ffff,
Proximity.AffectsOwner,bool,-1,Proximity.AffectsOwner,碰触发射者同阵营单位,,
Proximity.AffectsAllies,bool,-1,Proximity.AffectsAllies,碰触友军,,
Proximity.AffectsEnemies,bool,-1,Proximity.AffectsEnemies,碰触敌人,,
Proximity.AffectsClocked,bool,-1,Proximity.AffectsClocked,碰触隐形的单位,,
Proximity.Penetration,bool,-1,Proximity.Penetration,启用碰撞引信时，检测到碰撞是否穿透，yes时，启用下面的设置,,
SpawnTakingOffDir,String,-1,SpawnTakingOffDir,子机在起飞时与母鸡头朝下的朝向偏移，[0-15]，16分圆，0是正前方，单位为右上，建筑为右下，16方向：N=0、NE=2、E=4、SE=6、S=8、SW=10、W=12、NW=14,,
SpawnLandingDir,String,-1,SpawnLandingDir,子机在降落时与母鸡头朝下的朝向偏移，默认与SpawnTakingOffDir相同，[0-15]，16分圆，0是正前方，单位为右上，建筑为右下，16方向：N=0、NE=2、E=4、SE=6、S=8、SW=10、W=12、NW=14,,
VoxelShadowScaleInAir,String,-1,VoxelShadowScaleInAir,飞行器在空中的影子大小调整到和地面单位一样大，游戏原始设置为地面的一半，即0.5,,
Proximity.PenetrationBuildingOnce,bool,-1,Proximity.PenetrationBuildingOnce,每个格子检测一次，建筑多格会收到多次伤害，yes时，只穿透一次,,
Dive.Distance,String,-1,Dive.Distance,距离多少格开始降低高度,,
Dive.FlightLevel,String,-1,Dive.FlightLevel,距离地面的高度,,
Fighter.GuardRange,String,-1,Fighter.GuardRange,区域防守的范围,,
Fighter.Ammo,String,-1,Fighter.Ammo,弹药数量大于等于这个数，起飞前往巡航点,,
Fighter.HoldAmmo,String,-1,Fighter.HoldAmmo,弹药数量小于等于这个数，停止巡航并返航装弹,,
Fighter.GuardRadius,String,-1,Fighter.GuardRadius,巡航半径，单位格,,
Bounce.ExplodeOnHit,bool,-1,Bounce.ExplodeOnHit,抛射体命中后是否对落点造成伤害再弹起,,
Fighter.ChaseRange,String,-1,Fighter.ChaseRange,"战机最大追击距离，默认为30,-1为无限",,
DockingOffset.Dir,String,-1,DockingOffset.Dir,第X号停机位的朝向，[0-7]，8方向,,
Bounce.OnWater,bool,-1,Bounce.OnWater,打水漂，设置以下地形相关内容后无效,,
AntiMissile.Weapon,String,-1,AntiMissile.Weapon,强制使用哪个武器攻击抛射体，-1=自动，0=主武器，1=副武器,,
AntiMissile.Range,String,-1,AntiMissile.Range,扫描抛射体的范围，单位格,,
Bounce.StopOnBuilding,bool,-1,Bounce.StopOnBuilding,击中建筑后不会弹起,,
Bounce.ReboundOnBuilding,bool,-1,Bounce.ReboundOnBuilding,击中建筑后反弹,,
Bounce.StopOnInfantry,bool,-1,Bounce.StopOnInfantry,击中步兵后不会弹起,,
Bounce.ReboundOnInfantry,bool,-1,Bounce.ReboundOnInfantry,击中步兵后反弹,,
Bounce.StopOnUnit,bool,-1,Bounce.StopOnUnit,击中载具后不会弹起,,
Bounce.ReboundOnUnit,bool,-1,Bounce.ReboundOnUnit,击中载具后反弹,,
AntiMissile.EliteRange,String,-1,AntiMissile.EliteRange,精英级扫描抛射体的范围，单位格,,
AttackBeacon.Enable,bool,-1,AttackBeacon.Enable,开启炒粉光环,,
AntiMissile.Rate,String,-1,AntiMissile.Rate,扫描的频率，越大越慢,,
,String,,,,,
CanTarget,String,-1,CanTarget,"可以攻击的目标类型，列表，用"",""连接，none|land|water|empty|infantry|units|buildings|all",,
CanTargetHouses,String,-1,CanTargetHouses,"可以攻击的目标阵营，列表，用"",""连接，none|owner/self|allies/ally|team|enemies/enemy|all",,
CanTarget.MinHealth,String,-1,CanTarget.MinHealth,可以攻击的目标最低血量百分比，[0.0-1.0],,
AttackBeacon.Force,bool,-1,AttackBeacon.Force,不论目标单位在做什么，包括Sleep\Stop，都强制转换目标为自己,,
CanTarget.MaxHealth,String,-1,CanTarget.MaxHealth,可以攻击的目标最高血量百分比，[0.0-1.0],,
AttackBeacon.TargetToCell,bool,-1,AttackBeacon.TargetToCell,被炒粉的单位强制攻击炒粉者的脚下,,
AttackBeacon.EliteEnable,bool,-1,AttackBeacon.EliteEnable,开启炒粉光环,,
AutoFireAreaWeapon,String,-1,AutoFireAreaWeapon,0是主武器，1是副武器,,
AutoFireAreaWeapon.InitialDelay,String,-1,AutoFireAreaWeapon.InitialDelay,初始延迟，武器发射频率按武器自身ROF计算，计算AE的ROF加成,,
FireSuperWeapon.Chances,String,-1,FireSuperWeapon.Chances,发射该超武的概率,,
FireSuperWeapon.InitDelay,String,-1,FireSuperWeapon.InitDelay,延迟发射超武,,
FireSuperWeapon.RandomInitDelay,String,-1,FireSuperWeapon.RandomInitDelay,随机延迟发射超武,,
AttackBeacon.EliteForce,bool,-1,AttackBeacon.EliteForce,不论目标单位在做什么，包括Sleep\Stop，都强制转换目标为自己,,
FireSuperWeapon.Delay,String,-1,FireSuperWeapon.Delay,多次发射之间的延迟,,
AttackBeacon.EliteTargetToCell,bool,-1,AttackBeacon.EliteTargetToCell,被炒粉的单位强制攻击炒粉者的脚下,,
AttackBeacon.AffectsOwner,bool,-1,AttackBeacon.AffectsOwner,是否炒粉同阵营的,,
AttackBeacon.AffectsAllies,bool,-1,AttackBeacon.AffectsAllies,是否炒粉友军,,
AttackBeacon.AffectsEnemies,bool,-1,AttackBeacon.AffectsEnemies,是否炒粉敌人,,
AttackBeacon.AffectsCivilian,bool,-1,AttackBeacon.AffectsCivilian,是否炒粉中立目标,,
AttackBeacon.DeactiveWhenCivilian,bool,-1,AttackBeacon.DeactiveWhenCivilian,启用时，当所属是平民时，或者被狙掉了驾驶员，不会激活效果,,
FireSuperWeapon.RandomDelay,String,-1,FireSuperWeapon.RandomDelay,多次发射之间的随机延迟,,
FireSuperWeapon.LaunchCount,String,-1,FireSuperWeapon.LaunchCount,发射几次,,
FireSuperWeapon.Weapon,String,-1,FireSuperWeapon.Weapon,哪个武器发射时发射超级武器，0主武，1副武，-1任意武器,,
FireSuperWeapon.EliteChances,String,-1,FireSuperWeapon.EliteChances,精英时发射该超武的概率,,
FireSuperWeapon.EliteInitDelay,String,-1,FireSuperWeapon.EliteInitDelay,精英时延迟发射超武,,
FireSuperWeapon.EliteRandomInitDelay,String,-1,FireSuperWeapon.EliteRandomInitDelay,精英时随机延迟发射超武,,
DecoyMissile.AlwaysFire,bool,-1,DecoyMissile.AlwaysFire,不检查被瞄准一直发射,,
FireSuperWeapon.EliteDelay,String,-1,FireSuperWeapon.EliteDelay,精英时多次发射之间的延迟,,
FireSuperWeapon.EliteRandomDelay,String,-1,FireSuperWeapon.EliteRandomDelay,精英时多次发射之间的随机延迟,,
FireSuperWeapon.EliteLaunchCount,String,-1,FireSuperWeapon.EliteLaunchCount,精英时发射几次,,
,,,,,,
EligibileForAllyBuilding,bool,-1,EligibileForAllyBuilding,做友军的基地建造节点，覆盖上一条,,
FireSuperWeapon.EliteWeapon,String,-1,FireSuperWeapon.EliteWeapon,精英时哪个武器发射时发射超级武器，0主武，1副武，-1任意武器,,
FireSuperWeapon.LaunchMode,String,-1,FireSuperWeapon.LaunchMode,发射超武的模式，DONE\LOOP\CUSTOM，DONE=动画播放结束时释放，LOOP=动画每次Loop结束时与动画结束时释放，CUSTOM=按照下方的控制项目来执行释放和循环,,
BuildingRange.Dashed,bool,-1,BuildingRange.Dashed,Line模式和Cell模式绘制线条使用虚线,,
FireSuperWeapon.Chances,String,-1,FireSuperWeapon.Chances,发射该超武的概率,,
FireSuperWeapon.InitDelay,String,-1,FireSuperWeapon.InitDelay,延迟发射超武,,
Carryall,bool,-1,Carryall,启用吊运,,
FireSuperWeapon.RandomInitDelay,String,-1,FireSuperWeapon.RandomInitDelay,随机延迟发射超武,,
FireSuperWeapon.Delay,String,-1,FireSuperWeapon.Delay,多次发射之间的延迟,,
DestroyAnim.Random,bool,-1,DestroyAnim.Random,随机播放死亡动画，非8的倍数也随机,,
DestroyAnim.PlayInAir,bool,-1,DestroyAnim.PlayInAir,死亡动画在空中也播放,,
FireSuperWeapon.RandomDelay,String,-1,FireSuperWeapon.RandomDelay,多次发射之间的随机延迟,,
FireSuperWeapon.LaunchCount,String,-1,FireSuperWeapon.LaunchCount,发射几次,,
Damage.InitDelay,String,-1,Damage.InitDelay,动画制造伤害的初始延迟，默认与Damage.Delay相同，如果需要在第一帧制造伤害将其设为0,,
Damage.Delay,String,-1,Damage.Delay,每次制造伤害后延迟多久才能制造下一次伤害（Ares）,,
Visibility,String,-1,Visibility,只有谁可以看见这个动画，NONE\OWNER\ALLIES\ENEMIES，NONE表示全部,,
DestroyAnim.AffectInfantry,bool,-1,DestroyAnim.AffectInfantry,类型过滤，替换步兵,,
DestroyAnim.AffectUnit,bool,-1,DestroyAnim.AffectUnit,类型过滤，替换载具,,
Wreck,bool,-1,Wreck,我是一个不可使用的残骸,,
Stand.Offset,String,-1,Stand.Offset,替身的位置，单位的FLH，+F在建筑的右下方，,,
DestroySelf.Peaceful,bool,-1,DestroySelf.Peaceful,平静的消失，不发生爆炸,,
DestroySelf.InTransport,bool,-1,DestroySelf.InTransport,在载具内不击杀，放出载具时再击杀，进出载具不会停止倒计时,,
Stand.Direction,String,-1,Stand.Direction,替身的初始朝向，[0-15]，16分圆，0是替身前方，单位为右上，建筑为右下，16方向：N=0、NE=2、E=4、SE=6、S=8、SW=10、W=12、NW=14,,
Paintball.Color,String,-1,Paintball.Color,"RGB888，需要大于128才会显色，比如：金色=（180,170,0）",ColorEdit,
Paintball.BrightMultiplier,String,-1,Paintball.BrightMultiplier,亮度系数，0=黑，1=不变，2=亮,,
DamageSelf.WarheadAnim,bool,-1,DamageSelf.WarheadAnim,播放弹头动画,,
DamageSelf.Decloak,bool,-1,DamageSelf.Decloak,受伤时隐形单位会显形，如同被炮弹击中,,
DamageSelf.IgnoreArmor,bool,-1,DamageSelf.IgnoreArmor,无视护甲类型,,
DamageSelf.FirepowerMultiplier,bool,-1,DamageSelf.FirepowerMultiplier,是否计算伤害加成,,
DamageSelf.Peaceful,bool,-1,DamageSelf.Peaceful,如果单位被自伤打死，将平静的消失，不发生爆炸,,
Spawns.Nums,String,-1,Spawns.Nums,数量,,
DamageSelf.Powered,bool,-1,DamageSelf.Powered,建筑需要电力才可以使用,,
Spawns.Chances,String,-1,Spawns.Chances,抽中的概率，当决定要刷出这个类型时，可以刷出来的概率，每个类型单独计算概率，不写为100%,,
Spawns.RandomWeights,String,-1,Spawns.RandomWeights,随机从列表中选区类型，对应列表中每个类型的权重值，数字越大概率越高，不写为1,,
Spawns.Offset,String,-1,Spawns.Offset,新动画与原动画的位置偏移，FLH，F是↗方向,,
Spawns.RandomOffset,String,-1,Spawns.RandomOffset,新动画与原动画的位置随机方向随机偏移，优先级低于FLH方向随机偏移,,
Spawns.RandomOffsetF,String,-1,Spawns.RandomOffsetF,新动画与原动画的位置向F方向随机偏移,,
GiftBox.RandomType,bool,-1,GiftBox.RandomType,随机从列表中选取类型，并释放等于Nums列表中数值总和的礼物数量,,
Spawns.RandomOffsetL,String,-1,Spawns.RandomOffsetL,新动画与原动画的位置向L方向随机偏移,,
Spawns.RandomOffsetH,String,-1,Spawns.RandomOffsetH,新动画与原动画的位置向H方向随机偏移,,
Spawns.Count,String,-1,Spawns.Count,一共释放多少次，-1是无限次，0是不释放，1是释放1次,,
Destroy.Nums,String,-1,Destroy.Nums,数量,,
Destroy.Chances,String,-1,Destroy.Chances,抽中的概率，当决定要刷出这个类型时，可以刷出来的概率，每个类型单独计算概率，不写为100%,,
Destroy.RandomWeights,String,-1,Destroy.RandomWeights,随机从列表中选区类型，对应列表中每个类型的权重值，数字越大概率越高，不写为1,,
GiftBox.EliteRandomType,bool,-1,GiftBox.EliteRandomType,随机从列表中选取类型，并释放等于Nums列表中数值总和的礼物数量,,
Arcing.FixedSpeed,String,-1,Arcing.FixedSpeed,使用固定速度，弹道会根据距离发生高抛，速度越小抛的越高，射程越近抛的越高（Arcing不会使用Speed属性，速度通过Range计算，这条是舍弃原有初速度计算方式，不建议使用）,,
GiftBox.Remove,bool,-1,GiftBox.Remove,开盒后删除盒子,,
GiftBox.Explodes,bool,-1,GiftBox.Explodes,删除盒子后会不会引起爆炸，触发死亡武器,,
GiftBox.RealCoords,bool,-1,GiftBox.RealCoords,礼物释放在单位的实际位置，否则为逻辑中心,,
,,,,,,
GiftBox.RandomToEmptyCell,bool,-1,GiftBox.RandomToEmptyCell,礼物只在空地上刷，没有空地就刷在原地,,
GiftBox.OpenWhenDestroyed,bool,-1,GiftBox.OpenWhenDestroyed,礼盒单位被摧毁时释放礼物，yes时仅在被摧毁时释放，延迟等设置无效,,
,,,,,,
,,,,,,
GiftBox.IsTransform,bool,-1,GiftBox.IsTransform,是否使用单位转换机制，启用后，礼盒将会强制删除，并不会发生爆炸，调整继承选项的默认值,,
CourseLockDuration,String,-1,CourseLockDuration,安全距离，单位帧,,
Proximity.Arm,String,-1,Proximity.Arm,检测的距离，球型半径，单位Lepton，一格是256,,
GiftBox.InheritHealthNumber,bool,-1,GiftBox.InheritHealthNumber,指定礼物是否继承原单位的血量数字，非按比例转换,,
GiftBox.InheritTarget,bool,-1,GiftBox.InheritTarget,指定礼物是否继承原单位的目标，变身时默认yes,,
GiftBox.InheritExp,bool,-1,GiftBox.InheritExp,如果可以升级则继承等级，变身时默认yes,,
GiftBox.InheritROF,bool,-1,GiftBox.InheritROF,继承ROF计时器，变身时默认yes,,
GiftBox.InheritAmmo,bool,-1,GiftBox.InheritAmmo,如果有弹药则继承弹药，没有弹药生成有弹药，弹药箱清空，变身时默认yes,,
GiftBox.InheritAE,bool,-1,GiftBox.InheritAE,当礼盒被摧毁，第一个礼物继承礼盒的AE，礼盒自身不会继承，变身时默认yes,,
Proximity.ZOffset,String,-1,Proximity.ZOffset,检测的高度偏移，单位Lepton，一格高度是208，单位的0点在脚下，坐标加上偏移值，再检测，穿过建筑以Height加上偏移计算碰撞,,
Proximity.POffset,String,-1,Proximity.POffset,检测点与弹体位置的偏移，单位Lepton，FLH，不影响爆炸的位置,,
Proximity.PenetrationTimes,String,-1,Proximity.PenetrationTimes,引爆多少次后销毁,,
ProximityRange,String,-1,ProximityRange,提前引爆距离，单位格,,
ProximityRange.Random,String,-1,ProximityRange.Random,"随机提前引爆距离，[最小值,最大值]",,
Bounce.Chance,String,-1,Bounce.Chance,发生弹跳的概率,,
Bounce.Elasticity,String,-1,Bounce.Elasticity,弹性系数,,
DeployToTransform.RandomType,bool,-1,DeployToTransform.RandomType,随机从列表中选取类型，并释放等于Nums列表中数值总和的礼物数量,,
Bounce.Limit,String,-1,Bounce.Limit,抛射体飞行的距离，两点的直线距离，乘以弹性系数后，至少要大于这个限制距离，才可以发生弹跳,,
Bounce.Times,String,-1,Bounce.Times,最多发生几次弹跳,,
Bounce.OnLands,String,-1,Bounce.OnLands,只允许在这种地形上弹起，水面上的桥将判定为Road而不是Water，Clear\Road\Water\Rock\Wall\Tiberium\Beach\Rough\Ice\Railroad\Tunnel\Weeds,Land,
Bounce.OnTiles,String,-1,Bounce.OnTiles,只允许在这种地块上弹起，Tunnel\Water\Blank\Ramp\Cliff\Shore\Wet\MiscPave\Pave\DirtRoad\PavedRoad\PavedRoadEnd\PavedRoadSlope\Median\Bridge\WoodBridge\ClearToSandLAT\Green\NotWater\DestroyableCliff,,
DeployToTransform.EliteRandomType,bool,-1,DeployToTransform.EliteRandomType,随机从列表中选取类型，并释放等于Nums列表中数值总和的礼物数量,,
Bounce.Elasticity,String,-1,Bounce.Elasticity,弹跳Arcing击中这个地形之后，弹性系数加成,,
DeployToTransform.InheritTarget,bool,-1,DeployToTransform.InheritTarget,继承原单位的目标,,
DeployToTransform.InheritExp,bool,-1,DeployToTransform.InheritExp,如果可以升级则继承等级,,
DeployToTransform.InheritROF,bool,-1,DeployToTransform.InheritROF,继承ROF计时器,,
DeployToTransform.InheritAmmo,bool,-1,DeployToTransform.InheritAmmo,如果有弹药则继承弹药，没有弹药生成有弹药，弹药箱清空,,
DeployToTransform.InheritAE,bool,-1,DeployToTransform.InheritAE,继承礼盒的AE,,
AttackBeacon.Nums,String,-1,AttackBeacon.Nums,每个类型最多炒几个,,
AttackBeacon.Rate,String,-1,AttackBeacon.Rate,多少帧炒粉一次,,
AttackBeacon.RangeMin,String,-1,AttackBeacon.RangeMin,炒粉的最小范围，单位：格,,
AttackBeacon.RangeMax,String,-1,AttackBeacon.RangeMax,炒粉的最大范围，单位：格,,
AttackBeacon.Count,String,-1,AttackBeacon.Count,不管是谁，每次炒粉的总数量上限，-1是无限制,,
AttackBeacon.EliteNums,String,-1,AttackBeacon.EliteNums,每个类型最多炒几个,,
UndeployToTransform.RandomType,bool,-1,UndeployToTransform.RandomType,随机从列表中选取类型，并释放等于Nums列表中数值总和的礼物数量,,
AttackBeacon.EliteRate,String,-1,AttackBeacon.EliteRate,多少帧炒粉一次,,
AttackBeacon.EliteRangeMin,String,-1,AttackBeacon.EliteRangeMin,炒粉的最小范围，单位：格,,
AttackBeacon.EliteRangeMax,String,-1,AttackBeacon.EliteRangeMax,炒粉的最大范围，单位：格,,
AttackBeacon.EliteCount,String,-1,AttackBeacon.EliteCount,不管是谁，每次炒粉的总数量上限，-1是无限制,,
UndeployToTransform.EliteRandomType,bool,-1,UndeployToTransform.EliteRandomType,随机从列表中选取类型，并释放等于Nums列表中数值总和的礼物数量,,
DecoyMissile.FLH,String,-1,DecoyMissile.FLH,热诱弹发射的FLH,,
UndeployToTransform.InheritTarget,bool,-1,UndeployToTransform.InheritTarget,继承原单位的目标,,
UndeployToTransform.InheritExp,bool,-1,UndeployToTransform.InheritExp,如果可以升级则继承等级,,
UndeployToTransform.InheritROF,bool,-1,UndeployToTransform.InheritROF,继承ROF计时器,,
UndeployToTransform.InheritAmmo,bool,-1,UndeployToTransform.InheritAmmo,如果有弹药则继承弹药，没有弹药生成有弹药，弹药箱清空,,
UndeployToTransform.InheritAE,bool,-1,UndeployToTransform.InheritAE,继承礼盒的AE,,
DecoyMissile.Velocity,String,-1,DecoyMissile.Velocity,热诱弹初速度向量（最好别动）,,
DecoyMissile.Delay,String,-1,DecoyMissile.Delay,每颗诱饵抛撒的时间间隔,,
DecoyMissile.Life,String,-1,DecoyMissile.Life,热诱弹存活的时间,,
,,,,,,
,,,,,,
PumpAction,bool,-1,单位被崩飞到武器攻击点,单位被崩飞到武器攻击点,,
DeployToTransform.RandomType,bool,-1,DeployToTransform.RandomType,随机从列表中选取类型，并释放等于Nums列表中数值总和的礼物数量,,
BuildingRange.Mode,String,-1,BuildingRange.Mode,用什么方式显示可建造范围，LINE\CELL\SHP,,
BuildingRange.Color,String,-1,BuildingRange.Color,Line模式和Cell模式绘制线条的颜色,ColorEdit,
BuildingRange.SHP,String,-1,BuildingRange.SHP,SHP模式的文件名,,
BuildingRange.ZeroFrameIndex,String,-1,BuildingRange.ZeroFrameIndex,SHP文件中平面的帧序号，从第三帧开始渲染,,
DeployToTransform.EliteRandomType,bool,-1,DeployToTransform.EliteRandomType,随机从列表中选取类型，并释放等于Nums列表中数值总和的礼物数量,,
Carryall.Offset,String,-1,Carryall.Offset,被吊运时，吊的位置偏移,,
DeployToTransform.InheritTarget,bool,-1,DeployToTransform.InheritTarget,继承原单位的目标,,
DeployToTransform.InheritExp,bool,-1,DeployToTransform.InheritExp,如果可以升级则继承等级,,
DeployToTransform.InheritROF,bool,-1,DeployToTransform.InheritROF,继承ROF计时器,,
DeployToTransform.InheritAmmo,bool,-1,DeployToTransform.InheritAmmo,如果有弹药则继承弹药，没有弹药生成有弹药，弹药箱清空,,
DeployToTransform.InheritAE,bool,-1,DeployToTransform.InheritAE,继承礼盒的AE,,
DestroyAnim.Owner,String,-1,DestroyAnim.Owner,死亡动画和残骸的归属，Invoker|Killer|Neutral,,
DestroyAnim.WreckMission,String,-1,DestroyAnim.WreckMission,死亡残骸的任务，None\Guard\AreaGuard\Hunt\Sleep,Mission,
DestroySelf.Delay,String,-1,DestroySelf.Delay,延迟多长时间自毁，可以写yes=0，no=不起做用，自毁AE等同并覆盖单位身上的DestroySelf.Delay,,
DamageSelf.Damage,String,-1,DamageSelf.Damage,持续期间对附着对象产生伤害,,
DamageSelf.ROF,String,-1,DamageSelf.ROF,伤害间隔,,
DamageSelf.TriggeredTimes,String,-1,DamageSelf.TriggeredTimes,触发多少次伤害，次数用完立刻强制结束效果,,
UndeployToTransform.RandomType,bool,-1,UndeployToTransform.RandomType,随机从列表中选取类型，并释放等于Nums列表中数值总和的礼物数量,,
GiftBox.Nums,String,-1,GiftBox.Nums,数量,,
GiftBox.Chances,String,-1,GiftBox.Chances,抽中的概率，当决定要刷出这个类型时，可以刷出来的概率，每个类型单独计算概率，不写为100%,,
GiftBox.Delay,String,-1,GiftBox.Delay,多久后开盒,,
GiftBox.RandomDelay,String,-1,GiftBox.RandomDelay,随机延迟,,
UndeployToTransform.EliteRandomType,bool,-1,UndeployToTransform.EliteRandomType,随机从列表中选取类型，并释放等于Nums列表中数值总和的礼物数量,,
GiftBox.RandomWeights,String,-1,GiftBox.RandomWeights,随机从列表中选区类型，对应列表中每个类型的权重值，数字越大概率越高，不写为1,,
UndeployToTransform.InheritTarget,bool,-1,UndeployToTransform.InheritTarget,继承原单位的目标,,
UndeployToTransform.InheritExp,bool,-1,UndeployToTransform.InheritExp,如果可以升级则继承等级,,
UndeployToTransform.InheritROF,bool,-1,UndeployToTransform.InheritROF,继承ROF计时器,,
UndeployToTransform.InheritAmmo,bool,-1,UndeployToTransform.InheritAmmo,如果有弹药则继承弹药，没有弹药生成有弹药，弹药箱清空,,
UndeployToTransform.InheritAE,bool,-1,UndeployToTransform.InheritAE,继承礼盒的AE,,
GiftBox.EliteNums,String,-1,GiftBox.EliteNums,精英时数量,,
GiftBox.EliteChances,String,-1,GiftBox.EliteChances,精英时抽中的概率，当决定要刷出这个类型时，可以刷出来的概率，每个类型单独计算概率，不写为100%,,
GiftBox.EliteDelay,String,-1,GiftBox.EliteDelay,精英时多久后开盒,,
,,,,,,
Missile.Homing,bool,-1,Missile.Homing,启用子机导弹跟踪，当子机目标为空中单位时自动开启，跟踪的目标死亡或者隐形，子机导弹仍会前往最后记录的目的地然后引爆,,
Missile.FacingTarget,bool,-1,Missile.FacingTarget,子机导弹在刷出时默认朝向的是母鸡的正前方，启用时子机导弹在生成时朝向目标,,
GiftBox.EliteRandomDelay,String,-1,GiftBox.EliteRandomDelay,精英时随机延迟,,
GiftBox.EliteRandomWeights,String,-1,GiftBox.EliteRandomWeights,随机从列表中选区类型，对应列表中每个类型的权重值，数字越大概率越高，不写为1,,
IgnoreVertical,bool,-1,IgnoreVertical,忽略垂直方向的移动，如战机升空,,
GiftBox.RandomRange,String,-1,GiftBox.RandomRange,礼物刷在附近随机范围内，单位格,,
Laser.IsHouseColor,bool,-1,Laser.IsHouseColor,启用阵营色，,,
Laser.IsSupported,bool,-1,Laser.IsSupported,更亮,,
Laser.Fade,bool,-1,Laser.Fade,yi巴尖尖,,
GiftBox.OpenWhenHealthPercent,String,-1,GiftBox.OpenWhenHealthPercent,指定收到伤害后，剩余血量低于这个值时释放，0-1，0%和100%都不会启用这个设置，如果伤害很大直接击杀不会释放,,RGBFLH
GiftBox.HealthPercent,String,-1,GiftBox.HealthPercent,指定礼物的血量百分比，0-1，0或者0%，按照原单位血量百分比进行转换,,RGBFLH
GiftBox.HealthNumber,String,-1,GiftBox.HealthNumber,直接指定礼物的血量数字，低于1，不使用,,RGBFLH
GiftBox.AttachChances,String,-1,GiftBox.AttachChances,附加效果的成功率，每个礼物单独结算,,
GiftBox.ForceMission,String,-1,GiftBox.ForceMission,强制设置礼物的任务，None时，继承原单位的任务，None\Guard\AreaGuard\Hunt\Sleep,,
DeployToTransform.Nums,String,-1,DeployToTransform.Nums,数量,,
Laser.ColorListRandom,bool,-1,Laser.ColorListRandom,随机从ColorList中选取一个颜色进行绘制,,
Laser.RandomColor,bool,-1,Laser.RandomColor,每次绘制时随机生成一种颜色进行绘制，如果设置有列表，则从列表中随机选取,,
DeployToTransform.Chances,String,-1,DeployToTransform.Chances,抽中的概率，当决定要刷出这个类型时，可以刷出来的概率，每个类型单独计算概率，不写为100%,,RGBFLH
DeployToTransform.RandomWeights,String,-1,DeployToTransform.RandomWeights,随机从列表中选区类型，对应列表中每个类型的权重值，数字越大概率越高，不写为1,,
DeployToTransform.EliteNums,String,-1,DeployToTransform.EliteNums,数量,,
Bolt.IsAlternateColor,bool,-1,Bolt.IsAlternateColor,启用充能颜色,,
DeployToTransform.EliteChances,String,-1,DeployToTransform.EliteChances,抽中的概率，当决定要刷出这个类型时，可以刷出来的概率，每个类型单独计算概率，不写为100%,,
DeployToTransform.EliteRandomWeights,String,-1,DeployToTransform.EliteRandomWeights,随机从列表中选区类型，对应列表中每个类型的权重值，数字越大概率越高，不写为1,,RGBFLH
Bolt.Disable1,bool,-1,Bolt.Disable1,不显示这条电弧,,
Bolt.DisableParticle,bool,-1,Bolt.DisableParticle,不显示电弧的粒子效果,,
DeployToTransform.ForceMission,String,-1,DeployToTransform.ForceMission,变形后强制任务，None\Guard\AreaGuard\Move\Hunt\Sleep\Unload\Deploy,Mission,
UndeployToTransform.Nums,String,-1,UndeployToTransform.Nums,数量,,
UndeployToTransform.Chances,String,-1,UndeployToTransform.Chances,抽中的概率，当决定要刷出这个类型时，可以刷出来的概率，每个类型单独计算概率，不写为100%,,
UndeployToTransform.RandomWeights,String,-1,UndeployToTransform.RandomWeights,随机从列表中选区类型，对应列表中每个类型的权重值，数字越大概率越高，不写为1,,
UndeployToTransform.EliteNums,String,-1,UndeployToTransform.EliteNums,数量,,
UndeployToTransform.EliteChances,String,-1,UndeployToTransform.EliteChances,抽中的概率，当决定要刷出这个类型时，可以刷出来的概率，每个类型单独计算概率，不写为100%,,
Trail.IsOnTurret,bool,-1,Trail.IsOnTurret,跟随炮塔旋转,,
UndeployToTransform.EliteRandomWeights,String,-1,UndeployToTransform.EliteRandomWeights,随机从列表中选区类型，对应列表中每个类型的权重值，数字越大概率越高，不写为1,,Land
UndeployToTransform.ForceMission,String,-1,UndeployToTransform.ForceMission,变形后强制任务，None\Guard\AreaGuard\Move\Hunt\Sleep\Unload\Deploy,Mission,
DeployToTransform.Nums,String,-1,DeployToTransform.Nums,数量,,
Passengers.PassiveAcquire,bool,-1,Passengers.PassiveAcquire,乘客是否主动索敌，No表示乖巧。,,
Passengers.ForceFire,bool,-1,Passengers.ForceFire,强制乘客与载具攻击同一个目标,,
Passengers.MobileFire,bool,-1,Passengers.MobileFire,载具移动时乘客能开火,,
Passengers.SameFire,bool,-1,Passengers.SameFire,载具攻击时乘客能开火,,
DeployToTransform.Chances,String,-1,DeployToTransform.Chances,抽中的概率，当决定要刷出这个类型时，可以刷出来的概率，每个类型单独计算概率，不写为100%,,
DeployToTransform.RandomWeights,String,-1,DeployToTransform.RandomWeights,随机从列表中选区类型，对应列表中每个类型的权重值，数字越大概率越高，不写为1,,
DeployToTransform.EliteNums,String,-1,DeployToTransform.EliteNums,数量,,
DeployToTransform.EliteChances,String,-1,DeployToTransform.EliteChances,抽中的概率，当决定要刷出这个类型时，可以刷出来的概率，每个类型单独计算概率，不写为100%,,RGBFLH
AirstrikeDisableLine,bool,-1,AirstrikeDisableLine,关闭空袭的激光指示,,
AirstrikeDisableColor,bool,-1,AirstrikeDisableColor,关闭空袭指示染色,,
AirstrikeDisableBlink,bool,-1,AirstrikeDisableBlink,关闭空袭的闪烁,,
DeployToTransform.EliteRandomWeights,String,-1,DeployToTransform.EliteRandomWeights,随机从列表中选区类型，对应列表中每个类型的权重值，数字越大概率越高，不写为1,,
IsTargetLaser,bool,-1,IsTargetLaser,这是激光笔,,
DeployToTransform.ForceMission,String,-1,DeployToTransform.ForceMission,变形后强制任务，None\Guard\AreaGuard\Move\Hunt\Sleep\Unload\Deploy,Mission,
IsHouseColor,bool,-1,IsHouseColor,使用所属色,,
UndeployToTransform.Nums,String,-1,UndeployToTransform.Nums,数量,,
UndeployToTransform.Chances,String,-1,UndeployToTransform.Chances,抽中的概率，当决定要刷出这个类型时，可以刷出来的概率，每个类型单独计算概率，不写为100%,,
UndeployToTransform.RandomWeights,String,-1,UndeployToTransform.RandomWeights,随机从列表中选区类型，对应列表中每个类型的权重值，数字越大概率越高，不写为1,,
UndeployToTransform.EliteNums,String,-1,UndeployToTransform.EliteNums,数量,,
UndeployToTransform.EliteChances,String,-1,UndeployToTransform.EliteChances,抽中的概率，当决定要刷出这个类型时，可以刷出来的概率，每个类型单独计算概率，不写为100%,,
TargetLaserPoint,bool,-1,TargetLaserPoint,渲染目标位置上的那个点,,
BreakTargetLaser,bool,-1,BreakTargetLaser,断开对当前目标的照射,,
IsSingleColor,bool,-1,IsSingleColor,激光使用单一颜色,,
LaserRandomColor,bool,-1,LaserRandomColor,激光使用随机颜色,,
UndeployToTransform.EliteRandomWeights,String,-1,UndeployToTransform.EliteRandomWeights,随机从列表中选区类型，对应列表中每个类型的权重值，数字越大概率越高，不写为1,,
UndeployToTransform.ForceMission,String,-1,UndeployToTransform.ForceMission,变形后强制任务，None\Guard\AreaGuard\Move\Hunt\Sleep\Unload\Deploy,String,
Mode,String,-1,Mode,尾巴的类型，LASER\BEAM\ELECTRIC\PARTICLE\ANIM,,
Distance,String,-1,Distance,距离多远画一段yi巴，256为1格，越短资源消耗越大，yi巴越平滑,,
SupportSpawns.SwitchFLH,bool,-1,SupportSpawns.SwitchFLH,启用FLH切换，第一次开火左边，第二次右边,,
SupportSpawns.AlwaysFire,bool,-1,SupportSpawns.AlwaysFire,一直发射支援武器指向子机,,
SupportSpawns.IsOnTurret,bool,-1,SupportSpawns.IsOnTurret,支援武器从炮塔FLH射出，但并不会转动炮塔,,
SupportSpawns.TurnTurret,bool,-1,SupportSpawns.TurnTurret,支援武器发射时，强制转动炮塔朝向子机位置,,
InitialDelay,String,-1,InitialDelay,初始化延迟,,
Laser.InnerColor,String,-1,Laser.InnerColor,yi巴的颜色,ColorEdit,
Laser.OuterColor,String,-1,Laser.OuterColor,IsHouseColor=yes 或者 Fade=yes 时无效,ColorEdit,
Laser.OuterSpread,String,-1,Laser.OuterSpread,同上,ColorEdit,
Laser.Duration,String,-1,Laser.Duration,yi巴的持续时间，持续时间越长yi巴越长,,
Laser.Thickness,String,-1,Laser.Thickness,yi巴的宽度,,
SpawnFireOnce,bool,-1,SpawnFireOnce,所有子机射出去后后清空子机管理器的目标，通常用于子机导弹,,
NoShadowSpawnAlt,bool,-1,NoShadowSpawnAlt,在没有子机的时候不渲染影子,,
Laser.Color,String,-1,Laser.ColorX,X=0-127，写成一个列表，最多128组颜色，每次绘制选取一种颜色，下一次绘制选择下一个颜色，不写则使用InnerColor,ColorEdit,
Beam.Color,String,-1,Beam.Color,波的自定义颜色,ColorEdit,
Beam.Period,String,-1,Beam.Period,波的周期,,
Beam.Amplitude,String,-1,Beam.Amplitude,波的振幅,,
Bolt.Arcs,String,-1,Bolt.Arcs,震动幅度,,
HealthText.Hidden,bool,-1,HealthText.Hidden,停用该功能,,
HealthText.X.Y.Hidden,bool,-1,HealthText.X.Y.Hidden,隐藏显示,,
HealthText.X.Y.ShowEnemy,bool,-1,HealthText.X.Y.ShowEnemy,显示给敌方,,
HealthText.X.Y.ShowHover,bool,-1,HealthText.X.Y.ShowHover,鼠标悬停时是否显示,,
Bolt.Color1,String,-1,Bolt.Color1,自定义颜色,ColorEdit,
Trail.FLH,String,-1,Trail.FLH,尾巴的位置,,
Trail.OnLands,String,-1,Trail.OnLands,只允许在这种地形上绘制，水面上的桥将判定为Road而不是Water，Clear\Road\Water\Rock\Wall\Tiberium\Beach\Rough\Ice\Railroad\Tunnel\Weeds,,
Trail.OnTiles,String,-1,Trail.OnTiles,只允许在这种地块上绘制，Tunnel\Water\Blank\Ramp\Cliff\Shore\Wet\MiscPave\Pave\DirtRoad\PavedRoad\PavedRoadEnd\PavedRoadSlope\Median\Bridge\WoodBridge\ClearToSandLAT\Green\NotWater\DestroyableCliff,,
Trail.DrawLevel,String,-1,Trail.DrawLevel,BOTH\LAND\AIR，只在空中或者地面渲染,,
WeaponTurretFrameIndex1,String,-1,WeaponTurretFrameIndex1,IFVModeX+1的炮塔起始帧，面数和方向与SHP载具自身的炮塔相同,,
WeaponTurretCustomSHP1,String,-1,WeaponTurretCustomSHPX,IFVModeX+1的炮塔自定义shp图像的文件名，默认为自身,,
AirstrikeTargetLaser,String,-1,AirstrikeTargetLaser,自定义照射的颜色，对应[ColorAdd]的序号,,
AirstrikeLineColor,String,-1,AirstrikeLineColor,自定义照射的颜色，RGB888,ColorEdit,
AirstrikePutOffset,String,-1,AirstrikePutOffset,空袭单位入场位置偏移,,
LaserInnerColor,String,-1,LaserInnerColor,激光笔的颜色,ColorEdit,
TargetLaserDuration,String,-1,TargetLaserDuration,激光笔照射的持续时间,,
TargetLaserOffset,String,-1,TargetLaserOffset,激光笔照射于目标的偏移位置,,
TargetLaserLength,String,-1,TargetLaserLength,激光笔的线不完全连接到目标占总长度的比例,,
TargetLaserShake,String,-1,TargetLaserShake,激光笔照射时目标点的XYZ分别随机抖动范围,,
HealthText.X.Y.UseSHP,bool,-1,HealthText.X.Y.UseSHP,使用shp而不是文字，默认使用pipsnum.shp，每个颜色15帧，每字一帧，顺序“0123456789+-*/%”，图像中心即锚点,,
TargetLaserRange,String,-1,TargetLaserRange,目标超出武器射程多少格后断开照射,,
VisualScatter.Min,String,-1,VisualScatter.Min,"floating point value, distance in cells",,
VisualScatter.Max,String,-1,VisualScatter.Max,"floating point value, distance in cells",,
SupportSpawns.AttachChances,String,-1,SupportSpawns.AttachChances,附加效果的成功率,,
SupportWeaponFLH,String,-1,SupportWeaponFLH,母舰“发射”武器的位置,,
DamageText.Hidden,bool,-1,DamageText.Hidden,停用显示伤害数字,,
DamageText.X.Y.Hidden,bool,-1,DamageText.X.Y.Hidden,隐藏显示,,
DamageText.X.Y.Detail,bool,-1,DamageText.X.Y.Detail,显示每一次伤害的数字，或是显示一个总的伤害数字,,
SupportWeaponHitFLH,String,-1,SupportWeaponHitFLH,子机“接受”武器效果的位置,,
SpawnDelay,String,-1,SpawnDelay,连续发射子机的延迟，默认母舰MissileSpawn=yes则延迟9，否则延迟20,,
Turret.DefaultAngle,String,-1,Turret.DefaultAngle,0-360，指定炮塔的默认朝向角度，从正前方顺时针旋转，1-179=右边，180=后面，181-359=左边,,
Turret.Angle,String,-1,Turret.Angle,"0-180，左右角度界限，第一个数是逆时针的可用角度，第二个数是顺时针的可用角度，如45,45意为正前方扇形90度可用，0,135意为仅正前方到右侧135度可用",,
Turret.Action,String,-1,Turret.Action,目标进入死区，如何处理，CLEAR\BLOCK\TURN，CLEAR=清除目标自动转回正面，BLOCK=卡住炮塔旋转，TURN=卡住炮塔旋转并试图转身朝向目标,,
Turret.SideboardAngleL,String,-1,Turret.SideboardAngleL,0-180，目标在单位左侧时，使用哪个角度当做正面转过去面对目标。,,
Turret.SideboardAngleR,String,-1,Turret.SideboardAngleR,0-180，目标在单位右侧时，使用哪个角度当做正面转过去面对目标。,,
HealthText.X.Y.Offset,String,-1,HealthText.X.Y.Offset,锚点向右和向下的偏移位置,,
HealthText.X.Y.Align,String,-1,HealthText.X.Y.Align,对齐方式，LEFT\CENTER\RIGHT，建筑恒定为左对齐,,
DamageText.X.Y.UseSHP,bool,-1,DamageText.X.Y.UseSHP,使用SHP显示伤害数字,,
HealthText.Building.Y.Style,String,-1,HealthText.Building.Y.Style,数显的类型，FULL\SHORT\PERCENT,,
HealthText.Building.Y.HoverStyle,String,-1,HealthText.Building.Y.HoverStyle,鼠标悬停时数显的类型，FULL\SHORT\PERCENT,,
HealthText.Infantry.Y.Style,String,-1,HealthText.Infantry.Y.Style,数显的类型，FULL\SHORT\PERCENT,,
HealthText.Infantry.Y.HoverStyle,String,-1,HealthText.Infantry.Y.HoverStyle,鼠标悬停时数显的类型，FULL\SHORT\PERCENT,,
DamageText.X.Y.NoNumbers,bool,-1,DamageText.X.Y.NoNumbers,不使用数字，使用HIT代替,,
HealthText.Unit.Y.Style,String,-1,HealthText.Unit.Y.Style,数显的类型，FULL\SHORT\PERCENT,,
HealthText.Unit.Y.HoverStyle,String,-1,HealthText.Unit.Y.HoverStyle,鼠标悬停时数显的类型，FULL\SHORT\PERCENT,,
HealthText.Aircraft.Y.Style,String,-1,HealthText.Aircraft.Y.Style,数显的类型，FULL\SHORT\PERCENT,,
HealthText.Aircraft.Y.HoverStyle,String,-1,HealthText.Aircraft.Y.HoverStyle,鼠标悬停时数显的类型，FULL\SHORT\PERCENT,,
HealthText..Green.Color,String,-1,HealthText..Green.Color,绿血时字体颜色,ColorEdit,
HealthText.X.Yellow.Color,String,-1,HealthText.X.Yellow.Color,黄血时字体颜色,ColorEdit,
HealthText..Red.Color,String,-1,HealthText..Red.Color,红血时字体颜色,ColorEdit,
HealthText.X.Y.ShadowOffset,String,-1,HealthText.X.Y.ShadowOffset,阴影的偏移量,,
HealthText.X.Y.ShadowColor,String,-1,HealthText.X.Y.ShadowColor,阴影的颜色,,
HealthText.X.Y.SHP,String,-1,HealthText.X.Y.SHP,血量的shp文件,,
HealthText.X.Y.ImageSize,String,-1,HealthText.X.Y.ImageSize,血量的图案宽度和高度,,
AircraftNoHelipadPutOffset,String,-1,AircraftNoHelipadPutOffset,单位格，飞机需要注册到PadAircraft,,
AircraftForcePutOffset,bool,-1,AircraftForcePutOffset,强制偏移,,
AttachFire.CheckROF,bool,-1,AttachFire.CheckROF,启用则每个附加武器独立计算ROF，ROF受AE加成影响,,
AttachFire.CheckRange,bool,-1,AttachFire.CheckRange,启用每个附加武器检查射程,,
AttachFire.CheckAA,bool,-1,AttachFire.CheckAA,启用每个附加武器攻击空中的物体，检查抛射体是否具有AA,,
AttachFire.CheckAAOnly,bool,-1,AttachFire.CheckAAOnly,启用每个附加武器攻击空中的物体，检查抛射体是否具有AAOnly,,
AttachFire.CheckAG,bool,-1,AttachFire.CheckAG,检查抛射体是否具有AG,,
AttachFire.CheckVersus,bool,-1,AttachFire.CheckVersus,启用每个附加武器检查单位护甲,,
AttachFire.RadialFire,bool,-1,AttachFire.RadialFire,按照Burst扇形发射，仅影响ROT类型,,
HealthText..Green.ZeroFrameIndex,String,-1,HealthText..Green.ZeroFrameIndex,"绿色血量的""0""帧所在序号",,
AttachFire.RadialZ,bool,-1,AttachFire.RadialZ,按照Brust扇形发射，调整Z方向，比如Burst=8时，Z方向01233210依次射出,,
AttachFire.SimulateBurst,bool,-1,AttachFire.SimulateBurst,模拟原版的Burst有延迟的发射每一个武器,,
HealthText.X.Yellow.ZeroFrameIndex,String,-1,HealthText.X.Yellow.ZeroFrameIndex,"黄色血量的""0""帧所在序号",,
HealthText..Red.ZeroFrameIndex,String,-1,HealthText..Red.ZeroFrameIndex,"红色血量的""0""帧所在序号",,
AttachFire.Feedback,bool,-1,AttachFire.Feedback,攻击武器发射者,,
AttachFire.OnlyFireInTransport,bool,-1,AttachFire.OnlyFireInTransport,只有在载具内才能使用这个附加武器,,
AttachFire.UseAlternateFLH,bool,-1,AttachFire.UseAlternateFLH,在载具内时，不使用AttachFire指定的FLH而是启用载具对应的FLH,,
DamageText.X.Y.Rate,String,-1,DamageText.X.Y.Rate,显示总伤害数字时的频率，每个多少帧显示一次,,
DamageText.X.Y.XOffset,String,-1,DamageText.X.Y.XOffset,锚点随机横向范围,,
AttachFire.AffectTerrain,bool,-1,AttachFire.AffectTerrain,能否朝树之类的地形对象发射,,
AttachFire.AffectCell,bool,-1,AttachFire.AffectCell,能否朝空地发射,,
DamageText.X.Y.YOffset,String,-1,DamageText.X.Y.YOffset,锚点随机纵向范围,,
DamageText.X.Y.RollSpeed,String,-1,DamageText.X.Y.RollSpeed,数字向上滚动的速度,,
DamageText.X.Y.Duration,String,-1,DamageText.X.Y.Duration,数字存在的时间,,
DamageText..Damage.Color,String,-1,DamageText..Damage.Color,伤害数字的颜色,ColorEdit,
AttachFire.AffectBuilding,bool,-1,AttachFire.AffectBuilding,能否朝建筑发射,,
AttachFire.AffectInfantry,bool,-1,AttachFire.AffectInfantry,能否朝步兵发射,,
AttachFire.AffectUnit,bool,-1,AttachFire.AffectUnit,能否朝单位发射,,
AttachFire.AffectAircraft,bool,-1,AttachFire.AffectAircraft,能否朝飞机发射,,
AttachFire.AffectsOwner,bool,-1,AttachFire.AffectsOwner,能否朝同阵营目标发射,,
AttachFire.AffectsAllies,bool,-1,AttachFire.AffectsAllies,能否朝友军目标发射,,
AttachFire.AffectsEnemies,bool,-1,AttachFire.AffectsEnemies,能否朝敌军目标发射,,
AttachFire.AffectsCivilian,bool,-1,AttachFire.AffectsCivilian,能否朝中立目标发射,,
DamageText..Repair.Color,String,-1,DamageText..Repair.Color,修复数字的颜色,ColorEdit,
DamageText.X.Y.ShadowOffset,String,-1,DamageText.X.Y.ShadowOffset,阴影的偏移量,,
DamageText.X.Y.ShadowColor,String,-1,DamageText.X.Y.ShadowColor,阴影的颜色,ColorEdit,
DamageText.X.Y.SHP,String,-1,DamageText.X.Y.SHP,使用shp而不是文字，默认使用pipsnum.shp，每个颜色15帧，每字一帧，顺序“0123456789+-*/%”，图像中心即锚点,,
DamageText.X.Y.ImageSize,String,-1,DamageText.X.Y.ImageSize,血量的图案宽度和高度,,
DamageText..Damage.ZeroFrameIndex,String,-1,DamageText..Damage.ZeroFrameIndex,"伤害数字的""0""帧所在序号",,
DamageText..Repair.ZeroFrameIndex,String,-1,DamageText..Repair.ZeroFrameIndex,"修复数字的""0""帧所在序号",,
DamageText.X.Y.HIT.SHP,String,-1,DamageText.X.Y.HIT.SHP,HIT的SHP文件,,
DamageText..Damage.HIT.Index,String,-1,DamageText..Damage.HIT.Index,图案所在的帧,,
DamageText..Repair.HIT.Index,String,-1,DamageText..Repair.HIT.Index,图案所在的帧,,
DamageText.X.Y.MISS.SHP,String,-1,DamageText.X.Y.MISS.SHP,MISS的SHP文件,,
DamageText.X.Y.MISS.Index,String,-1,DamageText.X.Y.MISS.Index,图案所在的帧,,
OverrideWeapon.UseToDeathWeapon,bool,-1,OverrideWeapon.UseToDeathWeapon,用于替换死亡武器,,
DamageText.X.Y.CRIT.SHP,String,-1,DamageText.X.Y.CRIT.SHP,CRIT的SHP文件,,
DamageText.X.Y.CRIT.Index,String,-1,DamageText.X.Y.CRIT.Index,图案所在的帧,,
DamageText.X.Y.GLANCING.SHP,String,-1,DamageText.X.Y.GLANCING.SHP,GLANCING的SHP文件,,
DamageText.X.Y.GLANCING.Index,String,-1,DamageText.X.Y.GLANCING.Index,图案所在的帧,,
DamageText.X.Y.BLOCK.SHP,String,-1,DamageText.X.Y.BLOCK.SHP,BLOCK的SHP文件,,
DontNeedMoney,bool,-1,DontNeedMoney,发射该武器不需要金币，不受NoMoneyNoTalk的影响,,
ROT.ReverseZ,bool,-1,ROT.ReverseZ,是否翻转Z方向,,
ClearTarget,bool,-1,ClearTarget,被这个弹头伤害到的单位，强制消除当前锁定的目标，但不会阻止接下来单位重新选择目标,,
DamageText.X.Y.BLOCK.Index,String,-1,DamageText.X.Y.BLOCK.Index,图案所在的帧,,Mission
AttachFire.RadialAngle,String,-1,AttachFire.RadialAngle,按照Burst扇形发射，分割的角度,,
HoldDuration,bool,-1,HoldDuration,不进行有效期计时，即无限时间,,
ResetDurationOnReapply,bool,-1,ResetDurationOnReapply,如果不允许叠加，持续过程中重复赋予时是否重置计时器,,
AttachFire.SimulateBurstDelay,String,-1,AttachFire.SimulateBurstDelay,模拟原版的Burst时每次发射的间隔,,
AttachFire.SimulateBurstMode,String,-1,AttachFire.SimulateBurstMode,模拟原版的Burst模式，当FLH的L不为0时，0=不切换左右，1=LRLRLRLR，2=LLLLRRRR，3=LR*Burst,,
AttachFire.OnlyFireWhenHP,String,-1,AttachFire.OnlyFireWhenHP,仅在自身血量在这个比例范围内发射,,
AttachFire.OnlyFireWhenTargetHP,String,-1,AttachFire.OnlyFireWhenTargetHP,仅在目标血量在这个比例范围内发射,,
DiscardOnEntry,bool,-1,DiscardOnEntry,离开地图后是否即刻失效,,
DiscardOnTransform,bool,-1,DiscardOnTransform,发生类型改变时即刻失效，变形AE强制为no,,
PenetratesIronCurtain,bool,-1,PenetratesIronCurtain,用于弹头附加时是否穿透铁幕,,
FromTransporter,bool,-1,FromTransporter,乘客使用弹头附加时，视为乘坐的载具使用弹头附加,,
ReceiverOwn,bool,-1,ReceiverOwn,AE属于被赋予对象，不属于来源,,
Cumulative,bool,-1,Cumulative,是否允许同名AE进行叠加，yes=可叠加作用；no=不可叠加；attacker=来源不同的攻击者允许叠加；house=来源不同的所属允许叠加,,
ExtraFire.WeaponXFLH,String,-1,ExtraFire.WeaponXFLH,适用于WeaponX的附加武器设置，X=1\2\3\4，不会覆盖Primary和Secondary,,
ExtraFire.EliteWeaponXFLH,String,-1,ExtraFire.EliteWeaponXFLH,适用于WeaponX的附加武器设置，X=1\2\3\4，不会覆盖Primary和Secondary,,
OverrideSameGroup,bool,-1,OverrideSameGroup,同一个分组已存在，再赋予则覆盖,,
,,,,,,
OverrideWeapon.Weights,String,-1,OverrideWeapon.Weights,具有多个类型时，随机选中的权重,,
OverrideWeapon.Index,String,-1,OverrideWeapon.Index,武器发射时，替换武器的序号，0=主武器，1=副武器，-1=任意,,
OverrideWeapon.EliteWeights,String,-1,OverrideWeapon.EliteWeights,具有多个类型时，随机选中的权重,,
AttachOnceInTechnoType,bool,-1,AttachOnceInTechnoType,用于出厂附加时，只在单位生成时附加一次，不会在Delay后重新获得,,
OverrideWeapon.EliteIndex,String,-1,OverrideWeapon.EliteIndex,精英时，替换武器的序号,,
OverrideWeapon.Chance,String,-1,OverrideWeapon.Chance,武器发射时，概率替换武器,,
Inheritable,bool,-1,Inheritable,当使用GiftBox变身并且InheritAE的时候，该AE是否可以被继承，带有GiftBox的AE强制无法继承,,
OverrideWeapon.EliteChance,String,-1,OverrideWeapon.EliteChance,精英时，替换武器的概率,,
RockerPitch,String,-1,RockerPitch,抬起角度，0-1，0是水平，1是垂直（实际只能推到45°），推荐值0.02,,
AffectTechno,bool,-1,AffectTechno,类型过滤，是否可以赋予单位（注意Affect没有s）,,
AffectBuilding,bool,-1,AffectBuilding,类型过滤，可赋予建筑,,
AffectInfantry,bool,-1,AffectInfantry,类型过滤，可赋予步兵,,
AffectUnit,bool,-1,AffectUnit,类型过滤，可赋予载具,,
AffectAircraft,bool,-1,AffectAircraft,类型过滤，可赋予飞机,,
AffectBullet,bool,-1,AffectBullet,类型过滤，是否可以赋予抛射体（注意Affect没有s）,,
AffectMissile,bool,-1,AffectMissile,类型过滤，影响ROT>0的抛射体,,
AffectTorpedo,bool,-1,AffectTorpedo,类型过滤，影响Level=yes的抛射体,,
AffectCannon,bool,-1,AffectCannon,类型过滤，影响Arcing=yes的抛射体,,
AffectBomb,bool,-1,AffectBomb,类型过滤，影响Vertical=yes的抛射体,,
PumpAction.InfSequence,String,-1,PumpAction.InfSequence,飞起来时的步兵序列帧,,
HumanCannon,String,-1,HumanCannon,崩到目的地多高的位置，高度大于208会有降落伞,,
PumpAction.InfSequence,String,-1,PumpAction.InfSequence,飞起来时的步兵序列帧,,
NoMoneyNoTalk,String,-1,NoMoneyNoTalk,金币小于1000不能开火，-1000金币大于1000不能开火,,
ForceMission,String,-1,ForceMission,强制任务，None\Guard\AreaGuard\Move\Hunt\Sleep\Unload\Deploy,,
Duration,String,-1,Duration,持续时间，设置的值大于0，将启动计时器。负值时该AE不被赋予，但赋予时如果遇到同组的AE将削减其持续时间并启动有效期计时,,
Delay,String,-1,Delay,AE失效后多久无法再获得,,
RandomDelay,String,-1,RandomDelay,随机Delay，设置最小值和最大值，如果设置上一条不起作用,,
InitialDelay,String,-1,InitialDelay,获得AE后多久生效,,
InitialRandomDelay,String,-1,InitialRandomDelay,随机初始延迟，设置最小值和最大值，如果设置上一条不起作用,,
MaxStack,String,-1,MaxStack,允许叠加的层数上限,,
Anim.IsOnTurret,bool,-1,Anim..IsOnTurret,动画绑定在炮管上,,
Anim.IsOnWorld,bool,-1,Anim..IsOnWorld,动画绑定位置以世界坐标做参考，固定朝向北方，不跟随转动,,
Anim.RemoveInCloak,bool,-1,Anim..RemoveInCloak,持续动画在单位隐形时移除，显形时恢复,,
Anim.TranslucentInCloak,bool,-1,Anim..TranslucentInCloak,持续动画在单位隐形时透明度调整为50,,
Group,String,-1,Group,分组，同一个分组的效果互相影响，削减或增加持续时间,,
ActiveWhenHealthPercent,String,-1,ActiveWhenHealthPercent,血量低于该比例时激活效果器,,
DeactiveWhenHealthPercent,String,-1,DeactiveWhenHealthPercent,血量低于该比例时暂停效果器,,
AttachNeedMoney,String,-1,AttachNeedMoney,1000表示当来源持有1000金币以上时才可以赋予，-1000金币时需要来源金币低于1000时才可以赋予,,
ReceiverNeedMoney,String,-1,ReceiverNeedMoney,1000表示当附着对象持有1000金币以上时才可以赋予，-1000金币时需要被赋予对象金币低于1000时才可以赋予,,
Anim.Offset,String,-1,Anim..Offset,动画的位置偏移,,
Anim.Idle.StackOffset,String,-1,Anim.Idle.StackOffset,如果出现多个相同的AE堆叠时，当前动画相比于上一个动画的位置偏移,,
Status.Cloakable,bool,-1,Status.Cloakable,隐形，替身身上的Status模块AE无效，替身与使者强制同步,,
Status.ForceDecloak,bool,-1,Status.ForceDecloak,破隐，替身身上的Status模块AE无效，替身与使者强制同步,,
Anim.Idle.StackGroup,String,-1,Anim.Idle.StackGroup,分组堆叠，同一个组的动画堆叠在一起，后一个动画以同组的上一个动画位置偏移，任意字符,,
Anim.Idle.StackGroupOffset,String,-1,Anim.Idle.StackGroupOffset,分组堆叠，当前组相比于上一组的位置偏移,,
Anim.Visibility,String,-1,Anim..Visibility,只有谁可以看见持续动画，NONE\OWNER\ALLIES\ENEMIES，NONE表示全部,,
Status.FirepowerMultiplier,String,-1,Status.FirepowerMultiplier,伤害系数，Stand.IsVirtualTurret=yes时，替身身上的Status模块AE无效，会同步使者的属性,,
Status.ArmorMultiplier,String,-1,Status.ArmorMultiplier,防御系数，Stand.IsVirtualTurret=yes时，替身身上的Status模块AE无效，会同步使者的属性,,
Status.SpeedMultiplier,String,-1,Status.SpeedMultiplier,速度系数，替身身上的Status模块AE无效，替身不会动,,
Stack.AttachToSource,bool,-1,Stack.AttachToSource,触发后向Stack的来源附加AE，而不是附着对象,,
Status.ROFMultiplier,String,-1,Status.ROFMultiplier,冷却时间（射速）系数，单位开火后会进入ROF帧不能攻击的状态，缩短ROF相当于提高射速，Stand.IsVirtualTurret=yes时，替身身上的Status模块AE无效，会同步使者的属性,,
Status.RangeMultiplier,String,-1,Status.RangeMultiplier,射程系数,,
Status.RangeCell,String,-1,Status.RangeCell,射程调整格数,,
Stack.RemoveEffectsSkipNext,bool,-1,Stack.RemoveEffectsSkipNext,触发后移除的AE将跳过Next,,
Stack.RemoveToSource,bool,-1,Stack.RemoveToSource,触发后向Stack的来源移除AE，而不是附着对象,,
Stack.Level,String,-1,Stack.Level,监视的AE叠加到多少层时触发，-1等于无条件触发,,
Stack.Condition,String,-1,Stack.Condition,条件，EQ=等于，NE=不等于，GT=大于，LT=小于，GE=大于等于，LE=小于等于,,
Stack.RemoveAll,bool,-1,Stack.RemoveAll,触发后移除监视的所有监视的AE,,
Stack.RemoveSkipNext,bool,-1,Stack.RemoveSkipNext,触发后移除监视的AE，并且跳过Next,,
Stack.ActionMode,String,-1,Stack.ActionMode,监视多条AE时触发条件，AND=与，OR=或，AND时AE1和AE2必须同时满足，才会触发,,
Stack.AttachChances,String,-1,Stack.AttachChances,附加效果的成功率,,
Counter.NumFromSource,bool,-1,Counter.NumFromSource,当Num使用特殊值时，优先读取来源,,
Stack.RemoveEffectsLevel,String,-1,Stack.RemoveEffectsLevel,触发后移除的AE对应的层数,,
Stack.TriggeredTimes,String,-1,Stack.TriggeredTimes,触发多少次后移除自身,,
Stack.RemoveLevel,String,-1,Stack.RemoveLevel,触发后移除指定层数监视的AE，从先赋予的开始按赋予顺序关闭，设置>0时优先级高于RemoveAll,,
Counter.AttachIfNotFound,bool,-1,Counter.AttachIfNotFound,如果没找到这个计数器时，Action设置为：ADD或INIT，可获得一个计数器；SUB或MUL，仅为计算，不会赋予，视为无效AE,,
Counter.Num,String,-1,Counter.Num,赋予时的计数值，可以用特殊值HP、MAXHP读取当前单位的血量作为计数，对于抛射体，HP即抛射体的威力,,
Counter.Min,String,-1,Counter.Min,计数器的最小值,,
Counter.Max,String,-1,Counter.Max,计数器的最大值，-1表示不限制,,
Counter.Action,String,-1,Counter.Action,计数器的操作，ADD=增加，INIT=设置，SUB=减少，MUL=倍数，如有同组计数器，后贴的计数器做运算对象。,,
Counter.RemoveWhenNum,String,-1,Counter.RemoveWhenNum,计数器值在该范围内时移除该计数器，X=[0-127]，最大值大于0且大于等于最小值时有效,,
Counter.Reaction,String,-1,Counter.Reaction,响应计数模式，NORMAL\HITPOINT\SHIELD，HITPOINT与SHIELD模式在收到伤害时，按照伤害数值扣除计数，SHIELD模式会抵扣伤害,,
Counter.Reaction.Limit,String,-1,Counter.Reaction.Limit,最高可保护的伤害值，超过的伤害不参与转换,,
Counter.Reaction.Protect,String,-1,Counter.Reaction.Protect,使用伤害的比例，Shield模式下剩余部分不会被抵扣，30%的比例下收到100伤害，使用30伤害进行计数结算，余下70伤害正常传递,,
Counter.Reaction.Percent,String,-1,Counter.Reaction.Percent,使用的伤害数值转换为计数的比例，优先扣除计数，Shield模式下若计数不足抵扣，剩余伤害会照常反馈,,
CountTrigger.Range,String,-1,CountTrigger.Range,"监视计数器在[0, 100]时触发，最大值小于最小值时表示无条件触发",,
CountTrigger.TriggeredTimes,String,-1,CountTrigger.TriggeredTimes,X单独统计触发次数，触发多少次后移除自身，若存在多个触发器，后续的触发将停止执行,,
CountTrigger.Num,String,-1,CountTrigger.Num,操作的计数，可以用特殊值HP、MAXHP读取当前单位的血量作为计数，对于抛射体，HP即抛射体的威力,,
CountTrigger.NumFrom,String,-1,CountTrigger.NumFrom,当Num使用特殊值时，ME\SOURCE\COUNTERSOURCE，自身、自身来源、计数器来源,,
CountTrigger.ResetNum,bool,-1,CountTrigger.ResetNum,重置计数器为计数器初始值Num,,
CountTrigger.RemoveCounter,bool,-1,CountTrigger.RemoveCounter,移除计数器，若存在多个触发器，后续的触发将停止执行,,
CountTrigger.Action,String,-1,CountTrigger.Action,计数器的操作，ADD=增加，INIT=设置，SUB=减少，MUL=倍数,,
CountTrigger.AttachChances,String,-1,CountTrigger.AttachChances,附加效果的成功率,,
CountTrigger.AttachTo,String,-1,CountTrigger.AttachTo,触发后向谁附加AE，ME\SOURCE\COUNTERSOURCE,,
CountTrigger.AttachFrom,String,-1,CountTrigger.AttachFrom,附加效果的来源设置，ME\SOURCE\COUNTERSOURCE,,
CountTrigger.RemoveEffectsLevel,String,-1,CountTrigger.RemoveEffectsLevel,触发后移除的AE对应的层数,,
CountTrigger.RemoveWho,String,-1,CountTrigger.RemoveWho,触发后移除谁身上的AE，ME\SOURCE\COUNTERSOURCE,,
Info.Stack.StackOffset,String,-1,Info.Stack.StackOffset,如果出现多个相同的AE堆叠时，当前动画相比于上一个动画的位置偏移,,
CountTrigger.RemoveEffectsSkipNext,bool,-1,CountTrigger.RemoveEffectsSkipNext,触发后移除的AE将跳过Next,,
Info.Stack.StackGroup,String,-1,Info.Stack.StackGroup,分组堆叠，同一个组的动画堆叠在一起，后一个动画以同组的上一个动画位置偏移,,
Info.Stack.StackGroupOffset,String,-1,Info.Stack.StackGroupOffset,分组堆叠，当前组相比于上一组的位置偏移,,
,,,,,,
,,,,,,
,,,,,,
,,,,,,
,,,,,,
Info.Health.Mode,String,-1,Info.Health.Mode,显示单位的血量,,
Info.Ammo.Mode,String,-1,Info.Ammo.Mode,显示单位的弹药,,
Info.Reload.Mode,String,-1,Info.Reload.Mode,显示单位的弹药装填延迟时间,,
,,,,,,
,,,,,,
,,,,,,
,,,,,,
,,,,,,
Info.ROF.Mode,String,-1,Info.ROF.Mode,显示单位的ROF延迟时间,,
Info.ID.Mode,String,-1,Info.ID.Mode,使用Text显示出单位的section,,
Info.Armor.Mode,String,-1,Info.Armor.Mode,使用Text显示出单位的护甲类型,,
Info.Mission.Mode,String,-1,Info.Mission.Mode,使用Text显示出单位的任务,,
Info.Target.Mode,String,-1,Info.Target.Mode,非None时，绘制单位和目标之前的连线,,
Info.Target.Color,String,-1,Info.Target.Color,连线的颜色,ColorEdit,
Info.Dest.Mode,String,-1,Info.Dest.Mode,非None时，绘制单位和移动目标之间的连线,,
Info.Dest.Color,String,-1,Info.Dest.Color,连线的颜色,ColorEdit,
Info.Location.Mode,String,-1,Info.Location.Mode,非None时，使用交叉线绘制目标的位置,,
Info.Location.Color,String,-1,Info.Location.Color,连线的颜色,ColorEdit,
Info.Cell.Mode,String,-1,Info.Cell.Mode,非None时，绘制单位所在的格子的框线,,
Info.Cell.Color,String,-1,Info.Cell.Color,连线的颜色,ColorEdit,
Info.BodyDir.Mode,String,-1,Info.BodyDir.Mode,非None时，绘制单位朝向,,
Info.BodyDir.Color,String,-1,Info.BodyDir.Color,连线的颜色,ColorEdit,
Info.TurretDir.Mode,String,-1,Info.TurretDir.Mode,非None时，绘制单位炮塔朝向,,
Info.TurretDir.Color,String,-1,Info.TurretDir.Color,连线的颜色,ColorEdit,
Info.Shadow.Mode,String,-1,Info.Shadow.Mode,非None时，绘制单位在地面上的投影位置，支持使用SHP，渲染第ZeroFrameIndex帧,,
Info.Shadow.Color,String,-1,Info.Shadow.Color,连线的颜色，若000不显示连线,ColorEdit,
Stand.Offset,String,-1,Stand.Offset,替身的位置，单位的FLH，+F在建筑的右上方，+L在建筑的左上,,
Stand.StackOffset,String,-1,Stand.StackOffset,如果出现多个相同的AE堆叠时，当前替身相比于上一个替身的位置偏移,,
Stand.StackGroup,String,-1,Stand.StackGroup,分组堆叠，同一个组的替身堆叠在一起，后一个替身以同组的上一个替身位置偏移,,
Stand.StackGroupOffset,String,-1,Stand.StackGroupOffset,分组堆叠，当前组相比于上一组的位置偏移,,
Stand.Direction,String,-1,Stand.Direction,替身的初始朝向，[0-15]，16分圆，0是替身前方，单位为右上，建筑为右下，16方向：N=0、NE=2、E=4、SE=6、S=8、SW=10、W=12、NW=14,,
Stand.ZOffset,String,-1,Stand.ZOffset,替身在渲染时YSort偏移值，正值显示在JOJO上层，负值在下层，火车类型无效,,
Stand.Targeting,String,-1,Stand.Targeting,替身在什么位置可以攻击，BOTH\LAND\AIR，LAND只能在地上开火，AIR只能在空中开火,,
Stand.DamageFromMaster,String,-1,Stand.DamageFromMaster,替身是否分摊使者收到的伤害，如果替身无法受伤，则不会分摊，如果弹头无法对替身造成伤害，同样分摊,,
Stand.DamageToMaster,String,-1,Stand.DamageToMaster,使者是否分摊替身收到的伤害，如果使者无法受伤，则不会分摊，如果弹头无法对使者造成伤害，同样分摊,,
Stand.LockDirection,bool,-1,Stand.LockDirection,强制固定替身朝向始终保持与使者的方位，无论替身是否正在攻击目标,,
Stand.FreeDirection,bool,-1,Stand.FreeDirection,完全不控制替身的朝向，由替身自由行动，默认情况下替身会在失去目标之后回归到初始朝向,,
Stand.IsOnTurret,bool,-1,Stand.IsOnTurret,替身绑定在炮管上,,
Stand.IsOnWorld,bool,-1,Stand.IsOnWorld,替身绑定位置以世界坐标做参考，固定朝向北方，不跟随转动,,
Stand.ExperienceToMaster,String,-1,Stand.ExperienceToMaster,替身可以训练时，分多少经验给使者，替身不能训练时，击杀100%经验转给使者,,
Stand.SameTilter,bool,-1,Stand.SameTilter,替身和使者同为Drive Locomotor时，强制同步替身的倾斜角度。关闭时Drive Loco的替身会自行根据所处的格子倾斜自身。,,
Stand.SameMoving,bool,-1,Stand.SameMoving,替身在使者移动时，也播放移动动画，并且朝向和使者一致，不影响火车,,
Stand.StickOnFloor,bool,-1,Stand.StickOnFloor,替身在使者移动时，如果需要播放移动动画，将保持贴在地上，替身为Jumpjet时无效，不影响火车,,
Stand.SameHouse,bool,-1,Stand.SameHouse,替身跟随附属对象的所属变化，本体属性变化如心控，替身所属也跟随变化,,
Stand.SameTarget,bool,-1,Stand.SameTarget,强制替身与使者攻击同一个目标,,
Stand.SameLoseTarget,bool,-1,Stand.SameLoseTarget,使者失去目标同时替身也失去,,
Stand.SameAmmo,bool,-1,Stand.SameAmmo,强制替身弹药数量与使者相同,,
Stand.UseMasterAmmo,bool,-1,Stand.UseMasterAmmo,替身在开火时消耗使者的弹药，SameAmmo启用时自动开启,,
Stand.CabinGroup,String,-1,Stand.CabinGroup,火车类型的替身，车厢的分组,,
Stand.ForceAttackMaster,bool,-1,Stand.ForceAttackMaster,替身强制选定使者为目标,,
Stand.AttackSource,bool,-1,Stand.AttackSource,如果替身可以攻击AE来源，那么在生成时会选定AE来源为目标,,
Stand.MobileFire,bool,-1,Stand.MobileFire,使者在移动时替身仍可攻击,,
Stand.Powered,bool,-1,Stand.Powered,替身需要电力支持才能攻击,,
Stand.Immune,bool,-1,Stand.Immune,替身是否可以收到伤害,,
AttackBeacon.Nums,String,-1,AttackBeacon.Nums,每个类型最多炒几个,,
AttackBeacon.Rate,String,-1,AttackBeacon.Rate,多少帧炒粉一次,,
Stand.Explodes,bool,-1,Stand.Explodes,AE结束时，替身爆炸，被打死的不算,,
Stand.ExplodesWithMaster,bool,-1,Stand.ExplodesWithMaster,替身在JOJO死亡时爆炸，覆盖上一条设置，被打死的不算,,
Stand.ExplodesWithRocket,bool,-1,Stand.ExplodesWithRocket,替身绑定在火箭上时，火箭撞击爆炸时爆炸，被打死的不算,,
Stand.RemoveAtSinking,bool,-1,Stand.RemoveAtSinking,使者沉船时移除替身,,
Stand.PromoteFromMaster,bool,-1,Stand.PromoteFromMaster,强制替身等级与使者相同,,
Stand.PromoteFromSpawnOwner,bool,-1,Stand.PromoteFromSpawnOwner,替身绑定在子机上时，强制替身等级与子机发射者相同,,
AttackBeacon.RangeMin,String,-1,AttackBeacon.RangeMin,炒粉的最小范围，单位：格,,
Stand.ExperienceToSpawnOwner,bool,-1,Stand.ExperienceToSpawnOwner,替身绑定在子机上时，经验分给子机发射者而不是子机,,
Stand.SelectToMaster,bool,-1,Stand.SelectToMaster,当替身被选中时，转移选中使者,,
Stand.VirtualUnit,bool,-1,Stand.VirtualUnit,虚拟单位，不存在于地图上的单位，不可以被选中,,
Stand.IsVirtualTurret,bool,-1,Stand.IsVirtualTurret,替身是否作为使者的炮塔存在，同步使者的火力、护甲和ROF加成；设为no时不同步火力、护甲和ROF，但无法解除超时空、隐形的同步,,
Stand.IsTrain,bool,-1,Stand.IsTrain,火车类型的替身，特殊表现，跟随使者行动轨迹,,
Stand.IsCabinHead,bool,-1,Stand.IsCabinHead,火车类型的替身，在生成时是否插入车厢组前端,,
AttackBeacon.RangeMax,String,-1,AttackBeacon.RangeMax,炒粉的最大范围，单位：格,,
AttackBeacon.Count,String,-1,AttackBeacon.Count,不管是谁，每次炒粉的总数量上限，-1是无限制,,
AttackBeacon.Enable,bool,-1,AttackBeacon.Enable,开启炒粉光环,,
AttackBeacon.EliteNums,String,-1,AttackBeacon.EliteNums,每个类型最多炒几个,,
AttackBeacon.EliteRate,String,-1,AttackBeacon.EliteRate,多少帧炒粉一次,,
AttackBeacon.EliteRangeMin,String,-1,AttackBeacon.EliteRangeMin,炒粉的最小范围，单位：格,,
AttackBeacon.EliteRangeMax,String,-1,AttackBeacon.EliteRangeMax,炒粉的最大范围，单位：格,,
AttackBeacon.EliteCount,String,-1,AttackBeacon.EliteCount,不管是谁，每次炒粉的总数量上限，-1是无限制,,
AttackBeacon.Force,bool,-1,AttackBeacon.Force,不论目标单位在做什么，包括Sleep\Stop，都强制转换目标为自己,,
AttackBeacon.TriggeredTimes,String,-1,AttackBeacon.TriggeredTimes,可触发的次数，次数用完立刻强制结束效果,,
AttackBeacon.TargetToCell,bool,-1,AttackBeacon.TargetToCell,被炒粉的单位强制攻击炒粉者的脚下,,
AttackBeacon.EliteEnable,bool,-1,AttackBeacon.EliteEnable,开启炒粉光环,,
AutoWeapon.WeaponIndex,String,-1,AutoWeapon.WeaponIndex,自动发射单位自身的武器序号，0=主武器，1=副武器，优先级高于自定义武器，如果赋予抛射体，此条无效,,
AutoWeapon.EliteWeaponIndex,String,-1,AutoWeapon.EliteWeaponIndex,精英自动发射单位自身的武器序号，不写则是发射上面的武器，0=主武器，1=副武器，优先级高于自定义武器，如果赋予抛射体，此条无效,,
AutoWeapon.RandomTypesNum,String,-1,AutoWeapon.RandomTypesNum,随机使用几个武器,,
AutoWeapon.EliteRandomTypesNum,String,-1,AutoWeapon.EliteRandomTypesNum,精英随机使用几个武器,,
AutoWeapon.FireFLH,String,-1,AutoWeapon.FireFLH,发射的FLH,RGBFLH,
AttackBeacon.EliteForce,bool,-1,AttackBeacon.EliteForce,不论目标单位在做什么，包括Sleep\Stop，都强制转换目标为自己,,
AutoWeapon.TargetFLH,String,-1,AutoWeapon.TargetFLH,目标的FLH,RGBFLH,
AttackBeacon.EliteTargetToCell,bool,-1,AttackBeacon.EliteTargetToCell,被炒粉的单位强制攻击炒粉者的脚下,,
AutoWeapon.MoveTo,String,-1,AutoWeapon.MoveTo,如果设定，覆盖TargetFLH = FireFLH + MoveTo,RGBFLH,
AttackBeacon.AffectsOwner,bool,-1,AttackBeacon.AffectsOwner,是否影响同阵营的,,
AttackBeacon.AffectsAllies,bool,-1,AttackBeacon.AffectsAllies,是否影响友军,,
AttackBeacon.AffectsEnemies,bool,-1,AttackBeacon.AffectsEnemies,是否影响敌人,,
AttackBeacon.AffectsCivilian,bool,-1,AttackBeacon.AffectsCivilian,是否影响中立目标,,
AttackBeacon.DeactiveWhenCivilian,bool,-1,AttackBeacon.DeactiveWhenCivilian,启用时，当所属是平民时，或者被狙掉了驾驶员，不会激活效果,,
DamageSelf.Damage,String,-1,DamageSelf.Damage,持续期间对附着对象产生伤害,,
DamageSelf.ROF,String,-1,DamageSelf.ROF,伤害间隔,,
DamageSelf.TriggeredTimes,String,-1,DamageSelf.TriggeredTimes,触发多少次伤害，次数用完立刻强制结束效果,,
Broadcast.AttachChances,String,-1,Broadcast.AttachChances,附加效果的成功率，每个单位每个AE独立计算,,
Broadcast.Rate,String,-1,Broadcast.Rate,广播的频率，每隔多少帧播放一次,,
Broadcast.RangeMin,String,-1,Broadcast.RangeMin,广播的最近距离,,
Broadcast.RangeMax,String,-1,Broadcast.RangeMax,广播的最大距离，0时关闭，-1表示全地图,,
Broadcast.TriggeredTimes,String,-1,Broadcast.TriggeredTimes,广播触发的次数，次数用完立刻强制结束效果,,
Host.Nums,String,-1,Host.Nums,数量,,
AutoWeapon.FireOnce,bool,-1,AutoWeapon.FireOnce,武器在发射一次之后强制结束AE,,
AutoWeapon.FireToTarget,bool,-1,AutoWeapon.FireToTarget,如果设定，朝向附属对象的目标开火，当附属对象没有目标时不开火,,
AutoWeapon.IsOnTarget,bool,-1,AutoWeapon.IsOnTarget,如果附属对象有目标，发射位置参考目标位置，方向是附属对象面对目标的方向,,
AutoWeapon.IsOnTurret,bool,-1,AutoWeapon.IsOnTurret,发射位置和目标位置参考炮塔方向,,
AutoWeapon.IsOnWorld,bool,-1,AutoWeapon.IsOnWorld,发射位置和目标位置以世界坐标做参考，固定朝向北方，不跟随转动,,
AutoWeapon.Powered,bool,-1,AutoWeapon.Powered,建筑需要电力才可以使用,,
AutoWeapon.AttackFromSpawnOwner,bool,-1,AutoWeapon.AttackFromSpawnOwner,启用时，如果是由子机发射的武器，抛射体所属变更为母鸡，武器仍会从子机位置射出，子机为导弹类型时，建议设置为yes，否则得不到经验,,
AutoWeapon.IsAttackerMark,bool,-1,AutoWeapon.IsAttackerMark,启用时，武器可以朝向攻击者发射或由攻击者朝AE的接受者发射武器,,
AutoWeapon.ReceiverAttack,bool,-1,AutoWeapon.ReceiverAttack,启用时，武器由AE的接受者视IsAttackerMark的值决定朝攻击者或指定坐标点发射，设no则视IsAttackerMark的值决定由攻击者朝AE接受者发射武器，此时武器的所属默认值也变更为攻击者,,
AutoWeapon.ReceiverOwnBullet,bool,-1,AutoWeapon.ReceiverOwnBullet,启用时，武器发射的抛射体所属是AE的接受者，设no则抛射体所属为攻击者,,
AutoWeapon.DeactiveWhenCivilian,bool,-1,AutoWeapon.DeactiveWhenCivilian,启用时，当所属是平民时，或者被狙掉了驾驶员，不会激活效果,,
Host.Chances,String,-1,Host.Chances,抽中的概率，当决定要刷出这个类型时，可以刷出来的概率，每个类型单独计算概率，不写为100%,,
Host.Delay,String,-1,Host.Delay,多久后开盒,,
Host.RandomDelay,String,-1,Host.RandomDelay,随机延迟,,
DamageSelf.WarheadAnim,bool,-1,DamageSelf.WarheadAnim,播放弹头动画,,
DamageSelf.Decloak,bool,-1,DamageSelf.Decloak,受伤时隐形单位会显形，如同被炮弹击中,,
DamageSelf.IgnoreArmor,bool,-1,DamageSelf.IgnoreArmor,无视护甲类型,,
DamageSelf.FirepowerMultiplier,bool,-1,DamageSelf.FirepowerMultiplier,是否计算伤害加成,,
DamageSelf.Peaceful,bool,-1,DamageSelf.Peaceful,如果单位被自伤打死，将平静的消失，不发生爆炸,,
Host.RandomWeights,String,-1,Host.RandomWeights,随机从列表中选区类型，对应列表中每个类型的权重值，数字越大概率越高，不写为1,,
DamageSelf.Powered,bool,-1,DamageSelf.Powered,建筑需要电力才可以使用,,
DamageSelf.DeactiveWhenCivilian,bool,-1,DamageSelf.DeactiveWhenCivilian,启用时，当所属是平民时，或者被狙掉了驾驶员，不会激活效果,,
Host.EliteNums,String,-1,Host.EliteNums,精英时数量,,
Host.EliteChances,String,-1,Host.EliteChances,精英时抽中的概率，当决定要刷出这个类型时，可以刷出来的概率，每个类型单独计算概率，不写为100%,,
Host.EliteDelay,String,-1,Host.EliteDelay,精英时多久后开盒,,
Host.EliteRandomDelay,String,-1,Host.EliteRandomDelay,精英时随机延迟,,
Host.EliteRandomWeights,String,-1,Host.EliteRandomWeights,随机从列表中选区类型，对应列表中每个类型的权重值，数字越大概率越高，不写为1,,
Broadcast.FullAirspace,bool,-1,Broadcast.FullAirspace,测算距离无视高度，即圆柱形范围检查,,
Host.RandomRange,String,-1,Host.RandomRange,礼物刷在附近随机范围内，单位格,,
Broadcast.Powered,bool,-1,Broadcast.Powered,建筑需要电力才可以使用,,
Host.TriggeredTimes,String,-1,Host.TriggeredTimes,广播触发的次数，次数用完立刻强制结束效果,,
Host.HealthPercent,String,-1,Host.HealthPercent,指定礼物的血量百分比，0-1，0或者0%，按照原单位血量百分比进行转换,,
Broadcast.AffectTechno,bool,-1,Broadcast.AffectTechno,类型过滤，是否可以影响范围的单位（注意Affect没有s）,,
Broadcast.AffectBuilding,bool,-1,Broadcast.AffectBuilding,类型过滤，影响范围内的建筑，建筑不能被拔起，但是可以收到伤害,,
Broadcast.AffectInfantry,bool,-1,Broadcast.AffectInfantry,类型过滤，影响范围内的步兵,,
Broadcast.AffectUnit,bool,-1,Broadcast.AffectUnit,类型过滤，影响范围内的载具,,
Broadcast.AffectAircraft,bool,-1,Broadcast.AffectAircraft,类型过滤，影响范围内的飞机,,
Broadcast.AffectBullet,bool,-1,Broadcast.AffectBullet,类型过滤，影响范围内的抛射体（注意Affect没有s）,,
Broadcast.AffectMissile,bool,-1,Broadcast.AffectMissile,类型过滤，影响ROT>0的抛射体,,
Broadcast.AffectTorpedo,bool,-1,Broadcast.AffectTorpedo,类型过滤，影响Level=yes的抛射体,,
Broadcast.AffectCannon,bool,-1,Broadcast.AffectCannon,类型过滤，影响Arcing=yes的抛射体,,
Broadcast.AffectBomb,bool,-1,Broadcast.AffectBomb,类型过滤，影响Vertical=yes的抛射体,,
Broadcast.AffectSelf,bool,-1,Broadcast.AffectSelf,是否向自己广播,,
Broadcast.AffectInAir,bool,-1,Broadcast.AffectInAir,影响在空中的单位,,
Broadcast.AffectStand,bool,-1,Broadcast.AffectStand,是否影响替身,,
Host.HealthNumber,String,-1,Host.HealthNumber,直接指定礼物的血量数字，低于1，不使用,,
Host.AttachChances,String,-1,Host.AttachChances,附加效果的成功率，每个礼物单独计算,,
Broadcast.AffectsOwner,bool,-1,Broadcast.AffectsOwner,是否影响同阵营的,,
Broadcast.AffectsAllies,bool,-1,Broadcast.AffectsAllies,是否影响友军,,
Broadcast.AffectsEnemies,bool,-1,Broadcast.AffectsEnemies,是否影响敌人,,
Broadcast.AffectsCivilian,bool,-1,Broadcast.AffectsCivilian,是否影响中立目标,,
Broadcast.DeactiveWhenCivilian,bool,-1,Broadcast.DeactiveWhenCivilian,启用时，当所属是平民时，或者被狙掉了驾驶员，不会激活效果,,
Host.ForceMission,String,-1,Host.ForceMission,强制设置礼物的任务，None\Guard\AreaGuard\Move\Hunt\Sleep\Unload\Deploy,Mission,
Paintball.Color,String,-1,Paintball.Color,"RGB888，需要大于128才会显色，比如：金色=（180,170,0）",ColorEdit,
Paintball.BrightMultiplier,String,-1,Paintball.BrightMultiplier,亮度系数，0=黑，1=不变，2=亮,,
DestroySelf.Delay,String,-1,DestroySelf.Delay,自毁的延迟，可以写yes=0，no=不起做用，自毁AE等同并覆盖单位身上的DestroySelf.Delay,,
DestroySelf.AffectWho,String,-1,DestroySelf.AffectWho,摧毁谁，ALL\MASTER\STAND,,
Host.RandomType,bool,-1,Host.RandomType,随机从列表中选取类型，并释放等于Nums列表中数值总和的礼物数量,,
BlackHole.Range,String,-1,BlackHole.Range,扫描的范围，单位格，不等于0时启用该功能，-1表示全地图扫描,,
BlackHole.EliteRange,String,-1,BlackHole.EliteRange,精英级扫描的范围，单位格,,
BlackHole.Rate,String,-1,BlackHole.Rate,扫描的频率，间隔多少帧扫描一次，越大越慢,,
BlackHole.EliteRate,String,-1,BlackHole.EliteRate,精英级扫描的频率，间隔多少帧扫描一次，越大越慢,,
BlackHole.Offset,String,-1,BlackHole.Offset,黑洞位置的偏移，FLH,,
BlackHole.TriggeredTimes,String,-1,BlackHole.TriggeredTimes,黑洞触发的次数，次数用完立刻强制结束效果,,
Host.EliteRandomType,bool,-1,Host.EliteRandomType,随机从列表中选取类型，并释放等于Nums列表中数值总和的礼物数量,,
BlackHole.Weight,String,-1,BlackHole.Weight,黑洞的质量，高于这个质量的单位不受影响，多个黑洞拉扯，质量高的获得控制权，黑洞的质量为0时，抓取时不计算目标质量，以恒定速度抓取,,
BlackHole.CaptureSpeed,String,-1,BlackHole.CaptureSpeed,黑洞拉取时单位的Weight=1时的基本速度，v=F/mt,,
BlackHole.Damage,String,-1,BlackHole.Damage,黑洞持续过程中产生伤害,,
Host.Powered,bool,-1,Host.Powered,建筑需要电力才可以使用,,
Host.DeactiveWhenCivilian,bool,-1,Host.DeactiveWhenCivilian,启用时，当所属是平民时，或者被狙掉了驾驶员，不会激活效果,,
BlackHole.Damage.Delay,String,-1,BlackHole.Damage.Delay,黑洞产生伤害的频率,,
BlackHole.FallingDestroyHeight,String,-1,BlackHole.FallingDestroyHeight,坠落高度，1格=104，2格=飞行器,,
Host.InheritHealthNumber,bool,-1,Host.InheritHealthNumber,指定礼物是否继承原单位的血量数字，非按比例转换,,
Host.InheritTarget,bool,-1,Host.InheritTarget,指定礼物是否继承原单位的目标,,
Host.InheritExp,bool,-1,Host.InheritExp,如果可以升级则继承等级,,
BlackHole.AffectWho,String,-1,BlackHole.AffectWho,谁是黑洞，ALL\MASTER\STAND,,
GiftBox.Nums,String,-1,GiftBox.Nums,数量,,
GiftBox.Chances,String,-1,GiftBox.Chances,抽中的概率，当决定要刷出这个类型时，可以刷出来的概率，每个类型单独计算概率，不写为100%,,
GiftBox.Delay,String,-1,GiftBox.Delay,多久后开盒,,
GiftBox.RandomDelay,String,-1,GiftBox.RandomDelay,随机延迟,,
Paintball.IsHouseColor,bool,-1,Paintball.IsHouseColor,使用AE的所属色，默认为来源所属，当ReceiverOwn=yes时使用附加单位的所属色,,
GiftBox.RandomWeights,String,-1,GiftBox.RandomWeights,随机从列表中选区类型，对应列表中每个类型的权重值，数字越大概率越高，不写为1,,
GiftBox.EliteNums,String,-1,GiftBox.EliteNums,精英时数量,,
DestroySelf.Peaceful,bool,-1,DestroySelf.Peaceful,平静的消失，还是自爆,,
DestroySelf.InTransport,bool,-1,DestroySelf.InTransport,在载具内不击杀，放出载具时再击杀，进出载具不会停止倒计时,,
GiftBox.EliteChances,String,-1,GiftBox.EliteChances,精英时抽中的概率，当决定要刷出这个类型时，可以刷出来的概率，每个类型单独计算概率，不写为100%,,
GiftBox.EliteDelay,String,-1,GiftBox.EliteDelay,精英时多久后开盒,,
GiftBox.EliteRandomDelay,String,-1,GiftBox.EliteRandomDelay,精英时随机延迟,,
BlackHole.FullAirspace,bool,-1,BlackHole.FullAirspace,测算距离无视高度，即圆柱形范围检查,,
GiftBox.EliteRandomWeights,String,-1,GiftBox.EliteRandomWeights,随机从列表中选区类型，对应列表中每个类型的权重值，数字越大概率越高，不写为1,,
BlackHole.EliteFullAirspace,bool,-1,BlackHole.EliteFullAirspace,测算距离无视高度，即圆柱形范围检查,,
GiftBox.RandomRange,String,-1,GiftBox.RandomRange,礼物刷在附近随机范围内，单位格,,
GiftBox.OpenWhenHealthPercent,String,-1,GiftBox.OpenWhenHealthPercent,指定收到伤害后，剩余血量低于这个值时释放，0-1，0%和100%都不会启用这个设置，如果伤害很大直接击杀不会释放,,
GiftBox.AffectWho,String,-1,GiftBox.AffectWho,作用于谁，ALL\MASTER\STAND,,
BlackHole.IsOnTurret,bool,-1,BlackHole.IsOnTurret,黑洞绑定在炮塔,,
GiftBox.HealthPercent,String,-1,GiftBox.HealthPercent,指定礼物的血量百分比，0-1，0或者0%，按照原单位血量百分比进行转换,,
BlackHole.DontScan,bool,-1,BlackHole.DontScan,不主动扫描，在仅使用弹头添加受害者时关闭区域扫描节省资源,,
GiftBox.HealthNumber,String,-1,GiftBox.HealthNumber,直接指定礼物的血量数字，低于1，不使用,,
BlackHole.CaptureFromSameWeight,bool,-1,BlackHole.CaptureFromSameWeight,从相同质量的黑洞手里抢东西,,
BlackHole.CaptureFromWarhead,bool,-1,BlackHole.CaptureFromWarhead,通过弹头添加受害者，弹头需要 Capturer=yes,,
GiftBox.AttachChances,String,-1,GiftBox.AttachChances,附加效果的成功率，每个礼物单独计算,,
BlackHole.CaptureIgnoreWeight,bool,-1,BlackHole.CaptureIgnoreWeight,黑洞拉去时无视单位的质量，使用恒定速度,,
BlackHole.AllowCrawl,bool,-1,BlackHole.AllowCrawl,在拉扯时步兵单位扑街,,
BlackHole.AllowRotateUnit,bool,-1,BlackHole.AllowRotateUnit,在拉扯时调整单位的朝向,,
BlackHole.AllowPassBuilding,bool,-1,BlackHole.AllowPassBuilding,是否允许穿越障碍,,
GiftBox.ForceMission,String,-1,GiftBox.ForceMission,强制设置礼物的任务，None\Guard\AreaGuard\Move\Hunt\Sleep\Unload\Deploy,Mission,
Revenge.Chance,String,-1,Revenge.Chance,复仇的成功率,,
Revenge.WeaponIndex,String,-1,Revenge.WeaponIndex,复仇武器使用单位自身的武器，0=主武器，1=副武器,,
BlackHole.AllowFallingDestroy,bool,-1,BlackHole.AllowFallingDestroy,允许被黑洞吸起的单位超过一定高度时直接摔死,,
Revenge.DamageSelfPercent,String,-1,Revenge.DamageSelfPercent,调整收到的真实伤害，启用时持续触发，不检查RealTime，也不计入TriggeredTimes，收到治疗伤害不会触发,,
BlackHole.AllowDamageTechno,bool,-1,BlackHole.AllowDamageTechno,允许伤害被捕获的单位,,
BlackHole.AllowDamageBullet,bool,-1,BlackHole.AllowDamageBullet,允许伤害被捕获的抛射体,,
BlackHole.ClearTarget,bool,-1,BlackHole.ClearTarget,强令被捕获的对象失去目标,,
BlackHole.ChangeTarget,bool,-1,BlackHole.ChangeTarget,强令被捕获的对象目标设置为黑洞,,
BlackHole.OutOfControl,bool,-1,BlackHole.OutOfControl,被捕获的对象无法控制，无法行动,,
BlackHole.AffectBlackHole,bool,-1,BlackHole.AffectBlackHole,能否捕获另一个黑洞,,
Revenge.DamageEnemyPercent,String,-1,Revenge.DamageEnemyPercent,将收到的真实伤害按比例返还攻击者，启用时持续触发，不检查RealTime，也不计入TriggeredTimes，收到治疗伤害不会触发,,
Revenge.DamageSourcePercent,String,-1,Revenge.DamageSourcePercent,将收到的真实伤害按比例传递给AE来源，启用时持续触发，不检查RealTime，也不计入TriggeredTimes，收到治疗伤害不会触发,,
BlackHole.AffectTechno,bool,-1,BlackHole.AffectTechno,类型过滤，是否可以影响范围的单位（注意Affect没有s）,,
BlackHole.AffectBuilding,bool,-1,BlackHole.AffectBuilding,类型过滤，影响范围内的建筑，建筑不能被拔起，但是可以收到伤害,,
BlackHole.AffectInfantry,bool,-1,BlackHole.AffectInfantry,类型过滤，影响范围内的步兵,,
BlackHole.AffectUnit,bool,-1,BlackHole.AffectUnit,类型过滤，影响范围内的载具,,
BlackHole.AffectAircraft,bool,-1,BlackHole.AffectAircraft,类型过滤，影响范围内的飞机,,
BlackHole.AffectBullet,bool,-1,BlackHole.AffectBullet,类型过滤，影响范围内的抛射体（注意Affect没有s）,,
BlackHole.AffectMissile,bool,-1,BlackHole.AffectMissile,类型过滤，影响ROT>0的抛射体,,
BlackHole.AffectTorpedo,bool,-1,BlackHole.AffectTorpedo,类型过滤，影响Level=yes的抛射体,,
BlackHole.AffectCannon,bool,-1,BlackHole.AffectCannon,类型过滤，影响Arcing=yes的抛射体,,
BlackHole.AffectBomb,bool,-1,BlackHole.AffectBomb,类型过滤，影响Vertical=yes的抛射体,,
BlackHole.AffectInAir,bool,-1,BlackHole.AffectInAir,影响在空中的单位,,
Revenge.FireFLH,String,-1,Revenge.FireFLH,发射复仇武器的FLH,RGBFLH,
Revenge.TriggeredTimes,String,-1,Revenge.TriggeredTimes,可触发的次数，次数用完立刻强制结束效果,,
BlackHole.AffectsOwner,bool,-1,BlackHole.AffectsOwner,敌我识别，影响发射者同阵营（注意Affects有s）,,
BlackHole.AffectsAllies,bool,-1,BlackHole.AffectsAllies,敌我识别，影响友军（注意Affects有s）,,
BlackHole.AffectsEnemies,bool,-1,BlackHole.AffectsEnemies,敌我识别，影响敌人（注意Affects有s）,,
BlackHole.AffectsCivilian,bool,-1,BlackHole.AffectsCivilian,敌我识别，影响平民（注意Affects有s）,,
BlackHole.DeactiveWhenCivilian,bool,-1,BlackHole.DeactiveWhenCivilian,启用时，当所属是平民时，或者被狙掉了驾驶员，不会激活效果,,
Vampire.Chance,String,-1,Vampire.Chance,触发吸血的概率,,
Vampire.Percent,String,-1,Vampire.Percent,吸血的比例,,
Vampire.TriggeredTimes,String,-1,Vampire.TriggeredTimes,可触发的次数，次数用完立刻强制结束效果,,
ExtraFire.Weapon1FLH,String,-1,ExtraFire.WeaponXFLH,适用于WeaponX的附加武器设置，X=1\2\3\4，不会覆盖Primary和Secondary,,
ExtraFire.EliteWeapon1FLH,String,-1,ExtraFire.EliteWeaponXFLH,适用于WeaponX的附加武器设置，X=1\2\3\4，不会覆盖Primary和Secondary,,
FireSuperWeapon.Chances,String,-1,FireSuperWeapon.Chances,发射该超武的概率,,
GiftBox.RandomType,bool,-1,GiftBox.RandomType,随机从列表中选取类型，并释放等于Nums列表中数值总和的礼物数量,,
FireSuperWeapon.InitDelay,String,-1,FireSuperWeapon.InitDelay,延迟发射超武,,
FireSuperWeapon.RandomInitDelay,String,-1,FireSuperWeapon.RandomInitDelay,随机延迟发射超武,,
FireSuperWeapon.Delay,String,-1,FireSuperWeapon.Delay,多次发射之间的延迟,,
FireSuperWeapon.RandomDelay,String,-1,FireSuperWeapon.RandomDelay,多次发射之间的随机延迟,,
FireSuperWeapon.LaunchCount,String,-1,FireSuperWeapon.LaunchCount,发射几次,,
FireSuperWeapon.Weapon,String,-1,FireSuperWeapon.Weapon,哪个武器发射时发射超级武器，0主武，1副武，-1任意武器,,
GiftBox.EliteRandomType,bool,-1,GiftBox.EliteRandomType,随机从列表中选取类型，并释放等于Nums列表中数值总和的礼物数量,,
FireSuperWeapon.Reload,String,-1,FireSuperWeapon.Reload,触发一次后，需要延迟多久才能再触发,,
GiftBox.Remove,bool,-1,GiftBox.Remove,开盒后删除盒子,,
GiftBox.Explodes,bool,-1,GiftBox.Explodes,删除盒子后会不会引起爆炸，触发死亡武器,,
GiftBox.RealCoords,bool,-1,GiftBox.RealCoords,礼物释放在单位的实际位置，否则为逻辑中心，影响占地多格的单位,,
FireSuperWeapon.EliteChances,String,-1,FireSuperWeapon.EliteChances,精英时发射该超武的概率,,
GiftBox.RandomToEmptyCell,bool,-1,GiftBox.RandomToEmptyCell,礼物只在空地上刷，没有空地就刷在原地,,
GiftBox.OpenWhenDestroyed,bool,-1,GiftBox.OpenWhenDestroyed,礼盒单位被摧毁时释放礼物，yes时仅在被摧毁时释放，延迟等设置无效,,
FireSuperWeapon.EliteInitDelay,String,-1,FireSuperWeapon.EliteInitDelay,精英时延迟发射超武,,
FireSuperWeapon.EliteRandomInitDelay,String,-1,FireSuperWeapon.EliteRandomInitDelay,精英时随机延迟发射超武,,
FireSuperWeapon.EliteDelay,String,-1,FireSuperWeapon.EliteDelay,精英时多次发射之间的延迟,,
GiftBox.IsTransform,bool,-1,GiftBox.IsTransform,是否使用单位转换机制，启用后，礼盒将会强制删除，并不会发生爆炸，调整继承选项的默认值,,
FireSuperWeapon.EliteRandomDelay,String,-1,FireSuperWeapon.EliteRandomDelay,精英时多次发射之间的随机延迟,,
FireSuperWeapon.EliteLaunchCount,String,-1,FireSuperWeapon.EliteLaunchCount,精英时发射几次,,
GiftBox.InheritHealthNumber,bool,-1,GiftBox.InheritHealthNumber,指定礼物是否继承原单位的血量数字，非按比例转换,,
GiftBox.InheritTarget,bool,-1,GiftBox.InheritTarget,指定礼物是否继承原单位的目标，变身时默认yes,,
GiftBox.InheritExp,bool,-1,GiftBox.InheritExp,如果可以升级则继承等级，变身时默认yes,,
GiftBox.InheritROF,bool,-1,GiftBox.InheritROF,继承ROF计时器，变身时默认yes,,
GiftBox.InheritAmmo,bool,-1,GiftBox.InheritAmmo,如果有弹药则继承弹药，没有弹药生成有弹药，弹药箱清空，变身时默认yes,,
GiftBox.InheritAE,bool,-1,GiftBox.InheritAE,当礼盒被摧毁，第一个礼物继承礼盒的AE，礼盒自身不会继承，变身时默认yes,,
FireSuperWeapon.EliteWeapon,String,-1,FireSuperWeapon.EliteWeapon,精英时哪个武器发射时发射超级武器，0主武，1副武，-1任意武器,,
FireSuperWeapon.EliteReload,String,-1,FireSuperWeapon.EliteReload,触发一次后，需要延迟多久才能再触发,,
FireSuperWeapon.TriggeredTimes,String,-1,FireSuperWeapon.TriggeredTimes,触发多少次后结束,,
NoMoneyNoTalk,String,-1,NoMoneyNoTalk,金币小于1000不能开火，-1000金币大于1000不能开火,,
Immune.Psionics,bool,-1,Immune.Psionics,免疫心灵控制,,
Immune.PsionicWeapons,bool,-1,Immune.PsionicWeapons,免疫心灵震爆,,
Immune.Radiation,bool,-1,Immune.Radiation,免疫辐射,,
Immune.Poison,bool,-1,Immune.Poison,免疫病毒,,
Immune.EMP,bool,-1,Immune.EMP,免疫EMP,,
Immune.Parasite,bool,-1,Immune.Parasite,免疫寄生,,
Immune.Temporal,bool,-1,Immune.Temporal,免疫超时空传送,,
Immune.IsLocomotor,bool,-1,Immune.IsLocomotor,免疫磁电,,
NoMoneyNoTalk.AffectWho,String,-1,NoMoneyNoTalk.AffectWho,赋予谁，ALL\MASTER\STAND,,
Weapon.DisableOnLands,String,-1,Weapon.DisableOnLands,在这些地形上禁用武器，水面上的桥将判定为Road而不是Water，Clear\Road\Water\Rock\Wall\Tiberium\Beach\Rough\Ice\Railroad\Tunnel\Weeds,Land,
Weapon.AffectWho,String,-1,Weapon.AffectWho,禁用谁的武器，ALL\MASTER\STAND,,
OverrideWeapon.Weights,String,-1,OverrideWeapon.Weights,具有多个类型时，随机选中的权重,,
OverrideWeapon.Index,String,-1,OverrideWeapon.Index,武器发射时，替换武器的序号，0=主武器，1=副武器，-1=任意,,
OverrideWeapon.EliteWeights,String,-1,OverrideWeapon.EliteWeights,具有多个类型时，随机选中的权重,,
OverrideWeapon.EliteIndex,String,-1,OverrideWeapon.EliteIndex,精英时，替换武器的序号,,
OverrideWeapon.Chance,String,-1,OverrideWeapon.Chance,武器发射时，概率替换武器,,
OverrideWeapon.EliteChance,String,-1,OverrideWeapon.EliteChance,精英时，替换武器的概率,,
OverrideWeapon.AffectWho,String,-1,OverrideWeapon.AffectWho,作用于谁，ALL\MASTER\STAND,,
Select.AffectWho,String,-1,Select.AffectWho,作用于谁，ALL\MASTER\STAND,,
Revenge.IsOnTurret,bool,-1,Revenge.IsOnTurret,发射位置参考炮塔方向,,
Revenge.IsOnTarget,bool,-1,Revenge.IsOnTarget,发射位置参考目标位置,,
Revenge.Realtime,bool,-1,Revenge.Realtime,即刻向攻击者反击，不必等到被打死,,
Revenge.FromSource,bool,-1,Revenge.FromSource,复仇者是AE的来源，而不是AE的持有者,,
Revenge.ToSource,bool,-1,Revenge.ToSource,向AE的来源复仇，而不是向攻击者,,
Revenge.ActiveOnce,bool,-1,Revenge.ActiveOnce,触发之后在当前帧结束后结束效果,,
Freeze.AffectWho,String,-1,Freeze.AffectWho,作用于谁，ALL\MASTER\STAND,,
DamageReaction.Mode,String,-1,DamageReaction.Mode,伤害响应模式，EVASION\REDUCE\FORTITUDE\PREVENT，,,
DamageReaction.Chance,String,-1,DamageReaction.Chance,触发伤害响应的概率,,
Revenge.AffectBuilding,bool,-1,Revenge.AffectBuilding,类型过滤，影响建筑,,
Revenge.AffectInfantry,bool,-1,Revenge.AffectInfantry,类型过滤，影响步兵,,
Revenge.AffectUnit,bool,-1,Revenge.AffectUnit,类型过滤，影响载具,,
Revenge.AffectAircraft,bool,-1,Revenge.AffectAircraft,类型过滤，影响飞机,,
Revenge.AffectInAir,bool,-1,Revenge.AffectInAir,影响在空中的单位,,
DamageReaction.Delay,String,-1,DamageReaction.Delay,成功触发一次之后到下一次允许触发的延迟,,
DamageReaction.TriggeredTimes,String,-1,DamageReaction.TriggeredTimes,可触发的次数，次数用完立刻强制结束效果,,
DamageReaction.TriggeredAttachEffectChances,String,-1,DamageReaction.TriggeredAttachEffectChances,附加效果的成功率,,
DamageReaction.AnimFLH,String,-1,DamageReaction.AnimFLH,触发伤害响应的动画位置,,
Revenge.AffectsOwner,bool,-1,Revenge.AffectsOwner,是否影响同阵营的,,
Revenge.AffectsAllies,bool,-1,Revenge.AffectsAllies,是否影响友军,,
Revenge.AffectsEnemies,bool,-1,Revenge.AffectsEnemies,是否影响敌人,,
Revenge.AffectsCivilian,bool,-1,Revenge.AffectsCivilian,是否影响中立目标,,
Revenge.DeactiveWhenCivilian,bool,-1,Revenge.DeactiveWhenCivilian,启用时，当所属是平民时，或者被狙掉了驾驶员，不会激活效果,,
DamageReaction.AnimDelay,String,-1,DamageReaction.AnimDelay,播放一次动画后到下一次允许播放的延迟,,
DamageReaction.ReducePercent,String,-1,DamageReaction.ReducePercent,伤害调整比例,,
DamageReaction.FortitudeMax,String,-1,DamageReaction.FortitudeMax,刚毅盾最高伤害,,
DamageReaction.ActionTextStyle,String,-1,DamageReaction.ActionTextStyle,显示的DamageText的样式，AUTO\DAMAGE\REPAIR，对应两种DamageText设置,,
DamageReaction.ActionTextCustom,String,-1,DamageReaction.ActionTextCustom,响应激活时显示自定义文字，设为NONE之外的文字开启该功能，注意不可以开启DamageText.UseSHP，因为没有对应的图像可以显示,,
Vampire.AffectBuilding,bool,-1,Vampire.AffectBuilding,类型过滤，影响建筑,,
Vampire.AffectInfantry,bool,-1,Vampire.AffectInfantry,类型过滤，影响步兵,,
Vampire.AffectUnit,bool,-1,Vampire.AffectUnit,类型过滤，影响载具,,
Vampire.AffectAircraft,bool,-1,Vampire.AffectAircraft,类型过滤，影响飞机,,
Vampire.AffectInAir,bool,-1,Vampire.AffectInAir,影响在空中的单位,,
DamageReaction.ActionTextSHP,String,-1,DamageReaction.ActionTextSHP,响应激活时显示SHP图像，如果设置将使用shp文件渲染,,
DamageReaction.ActionTextSHPIndex,String,-1,DamageReaction.ActionTextSHPIndex,响应激活图像在SHP文件的帧序号,,
Vampire.AffectsOwner,bool,-1,Vampire.AffectsOwner,是否影响同阵营的,,
Vampire.AffectsAllies,bool,-1,Vampire.AffectsAllies,是否影响友军,,
Vampire.AffectsEnemies,bool,-1,Vampire.AffectsEnemies,是否影响敌人,,
Vampire.AffectsCivilian,bool,-1,Vampire.AffectsCivilian,是否影响中立目标,,
Vampire.DeactiveWhenCivilian,bool,-1,Vampire.DeactiveWhenCivilian,启用时，当所属是平民时，或者被狙掉了驾驶员，不会激活效果,,
DamageReaction.EliteMode,String,-1,DamageReaction.EliteMode,精英时伤害响应模式，EVASION\REDUCE\FORTITUDE\PREVENT，,,
DamageReaction.EliteChance,String,-1,DamageReaction.EliteChance,精英时触发伤害响应的概率,,
DamageReaction.EliteDelay,String,-1,DamageReaction.EliteDelay,精英时成功触发一次之后到下一次允许触发的延迟,,
DamageReaction.EliteTriggeredTimes,String,-1,DamageReaction.EliteTriggeredTimes,精英时可触发的次数，次数用完立刻强制结束效果,,
DamageReaction.EliteTriggeredAttachEffectChances,String,-1,DamageReaction.EliteTriggeredAttachEffectChances,精英时附加效果的成功率,,
DamageReaction.EliteAnimFLH,String,-1,DamageReaction.EliteAnimFLH,精英时触发伤害响应的动画位置,,
DamageReaction.EliteAnimDelay,String,-1,DamageReaction.EliteAnimDelay,精英时播放一次动画后到下一次允许播放的延迟,,
DamageReaction.EliteReducePercent,String,-1,DamageReaction.EliteReducePercent,精英时伤害调整比例,,
DamageReaction.EliteFortitudeMax,String,-1,DamageReaction.EliteFortitudeMax,精英时刚毅盾最高伤害,,
DamageReaction.EliteActionTextStyle,String,-1,DamageReaction.EliteActionTextStyle,精英时显示的DamageText的样式，AUTO\DAMAGE\REPAIR，对应两种DamageText设置,,
FireSuperWeapon.RealLaunch,bool,-1,FireSuperWeapon.RealLaunch,发射后超级武器进入冷却,,
DamageReaction.EliteActionTextCustom,String,-1,DamageReaction.EliteActionTextCustom,精英时响应激活时显示自定义文字，设为NONE之外的文字开启该功能，注意不可以开启DamageText.UseSHP，因为没有对应的图像可以显示,,
FireSuperWeapon.ToTarget,bool,-1,FireSuperWeapon.ToTarget,朝目标位置发射超级武器,,
DamageReaction.EliteActionTextSHP,String,-1,DamageReaction.EliteActionTextSHP,精英时响应激活时显示SHP图像，如果设置将使用shp文件渲染,,
DamageReaction.EliteActionTextSHPIndex,String,-1,DamageReaction.EliteActionTextSHPIndex,精英时响应激活图像在SHP文件的帧序号,,
Teleport.Mode,String,-1,Teleport.Mode,传送触发条件，NONE\MOVE\WARHEAD\BOTH，使用弹头作为传送条件时，弹头需要具有Teleporter=yes标签，BOTH时弹头优先,,
Teleport.Offset,String,-1,Teleport.Offset,传送到目的地位置偏移，FLH，方向是移动方向,,
Teleport.MoveTo,String,-1,Teleport.MoveTo,强制传送到指定的位置，FLH，当前位置和方向,,
Teleport.Delay,String,-1,Teleport.Delay,传送一次后，间隔多久可以再次进行传送，从传送开始计算，冷冻时间不计算在内,,
Teleport.TriggeredTimes,String,-1,Teleport.TriggeredTimes,可以触发多少次传送，次数用完立刻强制结束效果,,
FireSuperWeapon.EliteRealLaunch,bool,-1,FireSuperWeapon.EliteRealLaunch,精英时发射后超级武器进入冷却,,
Teleport.RangeMin,String,-1,Teleport.RangeMin,启动传送的最小距离，单位格,,
FireSuperWeapon.EliteToTarget,bool,-1,FireSuperWeapon.EliteToTarget,精英时朝目标位置发射超级武器,,
Teleport.RangeMax,String,-1,Teleport.RangeMax,启动传送的最大距离，单位格,,
Teleport.Distance,String,-1,Teleport.Distance,传送可以跳跃的最大距离，单位格,,
FireSuperWeapon.DeactiveWhenCivilian,bool,-1,FireSuperWeapon.DeactiveWhenCivilian,启用时，当所属是平民时，或者被狙掉了驾驶员，不会激活效果,,
DestroyAnim.Owner,String,-1,DestroyAnim.Owner,死亡动画和残骸的归属，Invoker|Killer|Neutral,,
DestroyAnim.WreckMission,String,-1,DestroyAnim.WreckMission,死亡残骸的任务，None\Guard\AreaGuard\Hunt\Sleep,Mission,
Weapon.Disable,bool,-1,Weapon.Disable,禁用武器，无法发射,,
DestroyAnim.AffectWho,String,-1,DestroyAnim.AffectWho,作用于谁，ALL\MASTER\STAND,,
Pump.Range,String,-1,Pump.Range,冲击力，飞多远，单位格,,
Pump.Gravity,String,-1,Pump.Gravity,自定义重力，默认使用全局重力,,
Pump.ScatterMin,String,-1,Pump.ScatterMin,最小散布范围，单位格,,
Pump.ScatterMax,String,-1,Pump.ScatterMax,最大散布范围，单位格，默认为全局BallisticScatter,,
Scatter.MoveToFLH,String,-1,Scatter.MoveToFLH,激活时，先强制向FLH的位置下达移动指令，再分散,,
Bounce.Chance,String,-1,Bounce.Chance,发生弹跳的概率,,
Bounce.Elasticity,String,-1,Bounce.Elasticity,弹性系数,,
Bounce.Limit,String,-1,Bounce.Limit,抛射体飞行的距离，两点的直线距离，乘以弹性系数后，至少要大于这个限制距离，才可以发生弹跳,,
Bounce.Times,String,-1,Bounce.Times,最多发生几次弹跳,,
OverrideWeapon.UseToDeathWeapon,bool,-1,OverrideWeapon.UseToDeathWeapon,用于替换死亡武器,,
Bounce.OnLands,String,-1,Bounce.OnLands,只允许在这种地形上弹起，水面上的桥将判定为Road而不是Water，Clear\Road\Water\Rock\Wall\Tiberium\Beach\Rough\Ice\Railroad\Tunnel\Weeds,Land,
Select.Disable,bool,-1,Select.Disable,启用时无法被选中，但是可以点和悬停,,
Select.Disappear,bool,-1,Select.Disappear,启用时鼠标无法点选和悬停,,
Bounce.OnTiles,String,-1,Bounce.OnTiles,只允许在这种地块上弹起，Tunnel\Water\Blank\Ramp\Cliff\Shore\Wet\MiscPave\Pave\DirtRoad\PavedRoad\PavedRoadEnd\PavedRoadSlope\Median\Bridge\WoodBridge\ClearToSandLAT\Green\NotWater\DestroyableCliff,,
Freeze.Enable,bool,-1,Freeze.Enable,启用失活状态,,
ECM.Chance,String,-1,ECM.Chance,干扰成功率，大于0%启用,,
ECM.Rate,String,-1,ECM.Rate,导弹间隔多少帧改一次目标,,
ECM.TriggeredTimes,String,-1,ECM.TriggeredTimes,导弹在持续时间内更改多少次目标，不成功也扣除一次,,
ECM.LockDuration,String,-1,ECM.LockDuration,干扰生效后，多久不会再收到干扰,,
DamageReaction.ActiveOnce,bool,-1,DamageReaction.ActiveOnce,触发之后在当前帧结束后结束效果,,
ECM.ToTechnoChance,String,-1,ECM.ToTechnoChance,干扰生效后，导弹选择单位而不是地面的概率,,
DamageReaction.ResetTriggeredTimes,bool,-1,DamageReaction.ResetTriggeredTimes,当单位从精英变成新兵时重置计数器,,
ECM.Around,String,-1,ECM.Around,干扰生效后，导弹选择目标的圆心位置，Source/Target/Self/Shooter，Source=AE来源周围，Target=前往的目标周围，Self=自身周围，Shooter=发射者的周围，如果指定的点无效，那么就在自身周围附近找个点扎,,
ECM.RangeMin,String,-1,ECM.RangeMin,干扰生效后，导弹选择目标的最小范围，单位格,,
DamageReaction.TriggeredAttachEffectsFromAttacker,bool,-1,DamageReaction.TriggeredAttachEffectsFromAttacker,触发响应时为自己添加的AE来源是攻击者,,
ECM.RangeMax,String,-1,ECM.RangeMax,干扰生效后，导弹选择目标的最大范围，单位格,,
AttachEffectChances,String,-1,AttachEffectChances,附加效果的成功率,,
StandTrainCabinLength,String,-1,StandTrainCabinLength,火车类型的替身的车厢长度，影响替身之间的间隔,,
DeployToAttachChances,String,-1,DeployToAttachChances,附加效果的成功率,,
UndeployToAttachChances,String,-1,UndeployToAttachChances,附加效果的成功率,,
DamageReaction.ActionText,bool,-1,DamageReaction.ActionText,响应激活时显示DamageText，默认EVASION激活显示MISS，PREVENT激活显示BLOCK，REDUCE增益时显示CRIT，REDUCE减益与FORTITUDE激活时显示GLANCING,,
AEMode,String,-1,AEMode,写在乘客上，指定激活载具上的哪一组AE赋予,,
Feedback.AttachChances,String,-1,Feedback.AttachChances,附加效果的成功率,,
IgnoreDamageReaction.Modes,String,-1,IgnoreDamageReaction.Modes,只穿透哪几种响应,,
ExpCost,String,-1,ExpCost,获得具体的经验数值,,
ExpLevel,String,-1,ExpLevel,直接调整等级，None\Rookie\Veteran\Elite,,
ShowMeTheMoney,String,-1,ShowMeTheMoney,弹头爆炸加1000,,
ParticleSystem,ParticleSystems,-1,ParticleSystem,粒子系统名称,106699,
DamageReaction.EliteActiveOnce,bool,-1,DamageReaction.EliteActiveOnce,精英时触发之后在当前帧结束后结束效果,,
DefaultDisguise,InfantryTypes,1,DefaultDisguise,默认PermaDisguise=yes的伪装步兵的伪装类型,00ff00,,,Default InfantryType that disguisable infantry will be disguised as when first created.
DamageReaction.EliteResetTriggeredTimes,bool,-1,DamageReaction.EliteResetTriggeredTimes,当单位从新兵变成精英时重置计数器，该属性不会继承新兵设置,,
Carryall.Image,ImageTypes,1,Carryall.Image,被吊运时，显示这个图像,33ccff,
GiftBox.OnlyOpenWhenMarks,AttachEffectTypes,-1,GiftBox.OnlyOpenWhenMarks,带有这些标记的时候才可以开盒,9933ff,
DamageReaction.EliteTriggeredAttachEffectsFromAttacker,bool,-1,DamageReaction.EliteTriggeredAttachEffectsFromAttacker,精英时触发响应时为自己添加的AE来源是攻击者,,
GiftBox.RemoveEffects,AttachEffectTypes,-1,GiftBox.RemoveEffects,移除礼物继承的AE,9933ff,
GiftBox.AttachEffects,AttachEffectTypes,-1,GiftBox.AttachEffects,给礼物附加AE,9933ff,
DeployToTransform.RemoveEffects,AttachEffectTypes,-1,DeployToTransform.RemoveEffects,移除礼物继承的AE,9933ff,
DeployToTransform.AttachEffects,AttachEffectTypes,-1,DeployToTransform.AttachEffects,给礼物附加AE,9933ff,
UndeployToTransform.RemoveEffects,AttachEffectTypes,-1,UndeployToTransform.RemoveEffects,移除礼物继承的AE,9933ff,
DamageReaction.EliteActionText,bool,-1,DamageReaction.EliteActionText,精英时响应激活时显示DamageText，默认EVASION激活显示MISS，PREVENT激活显示BLOCK，REDUCE增益时显示CRIT，REDUCE减益与FORTITUDE激活时显示GLANCING,,
UndeployToTransform.AttachEffects,AttachEffectTypes,-1,UndeployToTransform.AttachEffects,给礼物附加AE,9933ff,
DeployToTransform.RemoveEffects,AttachEffectTypes,-1,DeployToTransform.RemoveEffects,移除礼物继承的AE,9933ff,
DeployToTransform.AttachEffects,AttachEffectTypes,-1,DeployToTransform.AttachEffects,给礼物附加AE,9933ff,
UndeployToTransform.Types,AttachEffectTypes,-1,UndeployToTransform.Types,部署跨类型变形，可以写多个,9933ff,
UndeployToTransform.RemoveEffects,AttachEffectTypes,-1,UndeployToTransform.RemoveEffects,移除礼物继承的AE,9933ff,
UndeployToTransform.AttachEffects,AttachEffectTypes,-1,UndeployToTransform.AttachEffects,给礼物附加AE,9933ff,
SupportSpawns.AttachEffects,AttachEffectTypes,-1,SupportSpawns.AttachEffects,给子机附加AE,9933ff,
AttachFire.NotAffectMarks,AttachEffectTypes,-1,AttachFire.NotAffectMarks,不能向具有该标记的对象发射,9933ff,
Teleport.IsOnTarget,bool,-1,Teleport.IsOnTarget,目的地位置偏移到目标的相对位置,,
AttachFire.OnlyAffectMarks,AttachEffectTypes,-1,AttachFire.OnlyAffectMarks,只能向具有该标记的对象发射,9933ff,
Teleport.IsOnTurret,bool,-1,Teleport.IsOnTurret,指定的位置是炮塔的相对位置,,
Teleport.Super,bool,-1,Teleport.Super,是否使用超武类型的传送，传送前短暂冷冻，随即传送到目的地，砸死步兵或者掉水里沉没，传送后即可行动,,
AttachWithOutTypes,AttachEffectTypes,-1,AttachWithOutTypes,身上有这些AE，则不可赋予,9933ff,
NotAffectMarks,AttachEffectTypes,-1,NotAffectMarks,不能影响带有这些标记的对象,9933ff,
Teleport.ClearTarget,bool,-1,Teleport.ClearTarget,传送时清除当前目标，超武跳一定会清除当前目标,,
Teleport.MoveForward,bool,-1,Teleport.MoveForward,传送过后是否继续朝原目标移动,,
Teleport.FreezingInAir,bool,-1,Teleport.FreezingInAir,传送过后是否按移动距离冻结在空中的目标,,
OnlyAffectMarks,AttachEffectTypes,-1,OnlyAffectMarks,只影响带有这些标记的对象,9933ff,
Stack.Watch,AttachEffectTypes,-1,Stack.Watch,待监视的AE,9933ff,
Stack.AttachEffects,AttachEffectTypes,-1,Stack.AttachEffects,触发后赋予的新AE,9933ff,
Stack.RemoveEffects,AttachEffectTypes,-1,Stack.RemoveEffects,触发后移除的AE,9933ff,
DestroyAnim.Random,bool,-1,DestroyAnim.Random,随机播放死亡动画，非8的倍数也随机,,
DestroyAnim.PlayInAir,bool,-1,DestroyAnim.PlayInAir,死亡动画在空中也播放,,
Stack.RemoveEffectsWithMarks,AttachEffectTypes,-1,Stack.RemoveEffectsWithMarks,触发后移除带这些标记的AE,9933ff,
Counter.Mark,AttachEffectTypes,-1,Counter.Mark,计数器组名称,9933ff,
CountTrigger.Watch,AttachEffectTypes,-1,CountTrigger.Watch,待监视的计数器组名称,9933ff,
CountTrigger.AttachEffects,AttachEffectTypes,-1,CountTrigger.AttachEffects,触发后赋予的新AE,9933ff,
CountTrigger.RemoveEffects,AttachEffectTypes,-1,CountTrigger.RemoveEffects,触发后移除的AE,9933ff,
DestroyAnim.AffectInfantry,bool,-1,DestroyAnim.AffectInfantry,类型过滤，替换步兵,,
DestroyAnim.AffectUnit,bool,-1,DestroyAnim.AffectUnit,类型过滤，替换载具,,
CountTrigger.RemoveEffectsWithMarks,AttachEffectTypes,-1,CountTrigger.RemoveEffectsWithMarks,触发后移除带这些标记的AE,9933ff,
Info.Watch,AttachEffectTypes,-1,Info.Watch,待监视的AE,9933ff,
Mark.Names,AttachEffectTypes,-1,Mark.Names,标记的名称,9933ff,
Pump.PowerBySelf,bool,-1,Pump.PowerBySelf,由弹头附加的状态，会记录下弹头的爆炸位置，飞多远不计算爆炸位置和单位之间的距离衰减,,
Pump.Lobber,bool,-1,Pump.Lobber,高抛,,
Pump.Inaccurate,bool,-1,Pump.Inaccurate,落点随机,,
Broadcast.Types,AttachEffectTypes,-1,Broadcast.Types,广播的AE类型,9933ff,
Broadcast.NotAffectMarks,AttachEffectTypes,-1,Broadcast.NotAffectMarks,不影响带有这些标记的对象,9933ff,
Broadcast.OnlyAffectMarks,AttachEffectTypes,-1,Broadcast.OnlyAffectMarks,只影响带有这些标记的对象,9933ff,
Host.RemoveEffects,AttachEffectTypes,-1,Host.RemoveEffects,移除礼物继承的AE,9933ff,
Pump.AffectInfantry,bool,-1,Pump.AffectInfantry,类型过滤，影响步兵,,
Pump.AffectUnit,bool,-1,Pump.AffectUnit,类型过滤，影响载具,,
Pump.AffectAircraft,bool,-1,Pump.AffectAircraft,类型过滤，影响飞机,,
Pump.AffectInAir,bool,-1,Pump.AffectInAir,影响在空中的单位,,
Host.AttachEffects,AttachEffectTypes,-1,Host.AttachEffects,给礼物附加AE,9933ff,
BlackHole.NotAffectMarks,AttachEffectTypes,-1,BlackHole.NotAffectMarks,不影响带有这些标记的对象,9933ff,
Pump.AffectsOwner,bool,-1,Pump.AffectsOwner,是否影响同阵营的,,
Pump.AffectsAllies,bool,-1,Pump.AffectsAllies,是否影响友军,,
Pump.AffectsEnemies,bool,-1,Pump.AffectsEnemies,是否影响敌人,,
Pump.AffectsCivilian,bool,-1,Pump.AffectsCivilian,是否影响中立目标,,
BlackHole.OnlyAffectMarks,AttachEffectTypes,-1,BlackHole.OnlyAffectMarks,只影响带有这些标记的对象,9933ff,
Scatter.Panic,bool,-1,Scatter.Panic,散开时步兵是否处于恐慌状态，普通步兵为卧倒，平民（Fraidycat）行法国军礼,,
GiftBox.OnlyOpenWhenMarks,AttachEffectTypes,-1,GiftBox.OnlyOpenWhenMarks,带有这些标记的时候才可以开盒,9933ff,
GiftBox.RemoveEffects,AttachEffectTypes,-1,GiftBox.RemoveEffects,移除礼物继承的AE,9933ff,
GiftBox.AttachEffects,AttachEffectTypes,-1,GiftBox.AttachEffects,给礼物附加AE,9933ff,
Revenge.AttachEffects,AttachEffectTypes,-1,Revenge.AttachEffects,单位被打死时，向攻击者附加AE,9933ff,
Bounce.ExplodeOnHit,bool,-1,Bounce.ExplodeOnHit,抛射体命中后是否对落点造成伤害再弹起,,
Revenge.AttachChances,AttachEffectTypes,-1,Revenge.AttachChances,附加效果的成功率,9933ff,
Revenge.AffectTypes,AttachEffectTypes,-1,Revenge.AffectTypes,类型过滤，可影响的单位，如果设置，则向列表中的单位复仇,9933ff,
Bounce.OnWater,bool,-1,Bounce.OnWater,打水漂，设置以下地形相关内容后无效,,
Revenge.NotAffectMarks,AttachEffectTypes,-1,Revenge.NotAffectMarks,不影响带有这些标记的对象,9933ff,
Revenge.OnlyAffectMarks,AttachEffectTypes,-1,Revenge.OnlyAffectMarks,只影响带有这些标记的对象,9933ff,
Bounce.StopOnBuilding,bool,-1,Bounce.StopOnBuilding,击中建筑后不会弹起,,
Bounce.ReboundOnBuilding,bool,-1,Bounce.ReboundOnBuilding,击中建筑后反弹,,
Bounce.StopOnInfantry,bool,-1,Bounce.StopOnInfantry,击中步兵后不会弹起,,
Bounce.ReboundOnInfantry,bool,-1,Bounce.ReboundOnInfantry,击中步兵后反弹,,
Bounce.StopOnUnit,bool,-1,Bounce.StopOnUnit,击中载具后不会弹起,,
Bounce.ReboundOnUnit,bool,-1,Bounce.ReboundOnUnit,击中载具后反弹,,
Vampire.NotAffectMarks,AttachEffectTypes,-1,Vampire.NotAffectMarks,不影响带有这些标记的对象,9933ff,
Vampire.OnlyAffectMarks,AttachEffectTypes,-1,Vampire.OnlyAffectMarks,只影响带有这些标记的对象,9933ff,
DamageReaction.TriggeredAttachEffects,AttachEffectTypes,-1,DamageReaction.TriggeredAttachEffects,触发响应时为自己添加AE,9933ff,
DamageReaction.EliteTriggeredAttachEffects,AttachEffectTypes,-1,DamageReaction.EliteTriggeredAttachEffects,精英时触发响应时为自己添加AE,9933ff,
ECM.Feedback,bool,-1,ECM.Feedback,忽悠炮，艹他，导弹不搜索新目标，而是返回去干发射者，发射者不存在，原地爆炸,,
Pump.NotAffectMarks,AttachEffectTypes,-1,Pump.NotAffectMarks,不影响带有这些标记的对象,9933ff,
ECM.ForceRetarget,bool,-1,ECM.ForceRetarget,干扰生效后，导弹一定重选一个不同于原来目标的目标，如果范围内没有其他目标，就砸地上,,
ECM.NoOwner,bool,-1,ECM.NoOwner,干扰生效后，导弹变成无主状态，可以伤害发射者，击杀目标也不会给发射者经验,,
Pump.OnlyAffectMarks,AttachEffectTypes,-1,Pump.OnlyAffectMarks,只影响带有这些标记的对象,9933ff,
ECM.NotAffectMarks,AttachEffectTypes,-1,ECM.NotAffectMarks,不影响带有这些标记的对象,9933ff,
ECM.OnlyAffectMarks,AttachEffectTypes,-1,ECM.OnlyAffectMarks,只影响带有这些标记的对象,9933ff,
ECM.FullAirspace,bool,-1,ECM.FullAirspace,测算距离无视高度，即圆柱形范围检查,,
AttachEffectTypes,AttachEffectTypes,-1,AttachEffectTypes,要挂载的AE类型，写弹头上表示被该弹头伤害到的单位挂载,9933ff,
DeployToAttachEffects,AttachEffectTypes,-1,DeployToAttachEffects,要挂载的AE类型,9933ff,
ECM.AffectInfantry,bool,-1,ECM.AffectInfantry,类型过滤，影响步兵,,
ECM.AffectUnit,bool,-1,ECM.AffectUnit,类型过滤，影响载具,,
ECM.AffectAircraft,bool,-1,ECM.AffectAircraft,类型过滤，影响飞机,,
ECM.AffectInAir,bool,-1,ECM.AffectInAir,影响在空中的单位,,
UndeployToAttachEffects,AttachEffectTypes,-1,UndeployToAttachEffects,要挂载的AE类型,9933ff,
AttachEffectTypes1,AttachEffectTypes,-1,AttachEffectTypesX,要挂载的AE类型,9933ff,
ECM.AffectsOwner,bool,-1,ECM.AffectsOwner,是否影响同阵营的,,
ECM.AffectsAllies,bool,-1,ECM.AffectsAllies,是否影响友军,,
ECM.AffectsEnemies,bool,-1,ECM.AffectsEnemies,是否影响敌人,,
ECM.AffectsCivilian,bool,-1,ECM.AffectsCivilian,是否影响中立目标,,
Upload.AttachEffects,AttachEffectTypes,-1,Upload.AttachEffects,为载具附加的AE,9933ff,
Upload.NotAffectMarks,AttachEffectTypes,-1,Upload.NotAffectMarks,不影响带有这些标记的对象,9933ff,
AttachToSource,bool,-1,AttachToSource,不附加给目标，而是反过来附加给攻击者,,
AttachFullAirspace,bool,-1,AttachFullAirspace,使用弹头附加时，搜索范围改为圆柱体,,
Upload.OnlyAffectMarks,AttachEffectTypes,-1,Upload.OnlyAffectMarks,只影响带有这些标记的对象,9933ff,
AffectInAir,bool,-1,AffectInAir,使用弹头附加效果是否影响空中单位的总开关,,
AffectShooter,bool,-1,AffectShooter,使用弹头附加效果时是否影响武器的发射者,,
Feedback.NotAffectMarks,AttachEffectTypes,-1,Feedback.NotAffectMarks,不影响带有这些标记的对象,9933ff,
Feedback.OnlyAffectMarks,AttachEffectTypes,-1,Feedback.OnlyAffectMarks,只影响带有这些标记的对象,9933ff,
WakeAnimOnWater,Animations,1,WakeAnimOnWater,自定义落水水面动画,33ccff,
ExpireAnimOnWater,Animations,1,ExpireAnimOnWater,自定义落水动画,33ccff,
AffectStand,bool,-1,AffectStand,弹头是否可以向替身附加效果，无敌的替身不会受到影响,,
Spawns.Anims,Animations,-1,Spawns.Anims,动画释放新的动画，列表,33ccff,
AttachEffectTypes.AttachByPassenger,bool,-1,AttachEffectTypes.AttachByPassenger,仅由乘客身上的AEMode激活赋予,,
Destroy.Anims,Animations,-1,Destroy.Anims,给地形对象添加死亡动画，通常是树,33ccff,
Bounce.ExpireAnim,Animations,1,Bounce.ExpireAnim,抛射体命中时播放的动画,33ccff,
Upload.SourceIsPassenger,bool,-1,Upload.SourceIsPassenger,该组AE来源为乘客，不同来源会叠加，乘客被踢出时移除AE,,
Anim.While,Animations,-1,Anim.While,尾巴动画,33ccff,
Anim.Start,Animations,-1,Anim.Start,单位开始运动时播放,33ccff,
Upload.AffectUnit,bool,-1,Upload.AffectUnit,类型过滤，影响载具,,
Upload.AffectAircraft,bool,-1,Upload.AffectAircraft,类型过滤，影响飞机,,
Upload.AffectStand,bool,-1,Upload.AffectStand,影响替身,,
Upload.AffectInAir,bool,-1,Upload.AffectInAir,影响在空中的单位,,
Anim.Stop,Animations,-1,Anim.Stop,单位停下来时强制播放,33ccff,
Animation,Animations,-1,Animation,Idle动画,33ccff,
ActiveAnim,Animations,-1,ActiveAnim,激活时的动画,33ccff,
Feedback.AttachToTransporter,bool,-1,Feedback.AttachToTransporter,在载具内发射时，可为载具附加，否则不会附加，如果是AttachFire，则作用对象必定为载具,,
HitAnim,Animations,-1,HitAnim,被击中的动画,33ccff,
DoneAnim,Animations,-1,DoneAnim,结束时的动画,33ccff,
Feedback.AffectTechno,bool,-1,Feedback.AffectTechno,类型过滤，影响单位（注意Affect没有s）,,
Feedback.AffectBuilding,bool,-1,Feedback.AffectBuilding,类型过滤，影响建筑,,
Feedback.AffectInfantry,bool,-1,Feedback.AffectInfantry,类型过滤，影响步兵,,
Feedback.AffectUnit,bool,-1,Feedback.AffectUnit,类型过滤，影响载具,,
Feedback.AffectAircraft,bool,-1,Feedback.AffectAircraft,类型过滤，影响飞机,,
Feedback.AffectBullet,bool,-1,Feedback.AffectBullet,类型过滤，影响抛射体（注意Affect没有s）,,
Feedback.AffectMissile,bool,-1,Feedback.AffectMissile,类型过滤，影响ROT>0的抛射体,,
Feedback.AffectTorpedo,bool,-1,Feedback.AffectTorpedo,类型过滤，影响Level=yes的抛射体,,
Feedback.AffectCannon,bool,-1,Feedback.AffectCannon,类型过滤，影响Arcing=yes的抛射体,,
Feedback.AffectBomb,bool,-1,Feedback.AffectBomb,类型过滤，影响Vertical=yes的抛射体,,
Feedback.AffectStand,bool,-1,Feedback.AffectStand,影响替身,,
Feedback.AffectInAir,bool,-1,Feedback.AffectInAir,影响在空中的单位,,
Anim.Type,Animations,-1,Anim..Type,对应类型的动画，同时保留上面的标签，但该条优先级更高,33ccff,
DamageReaction.Anim,Animations,-1,DamageReaction.Anim,触发伤害响应的动画,33ccff,
Feedback.DeactiveWhenCivilian,bool,-1,Feedback.DeactiveWhenCivilian,启用时，当所属是平民时，或者被狙掉了驾驶员，不会激活效果,,
Select.Disable,bool,-1,Select.Disable,启用时，单位无法被选择,,
DamageReaction.EliteAnim,Animations,-1,DamageReaction.EliteAnim,精英时触发伤害响应的动画,33ccff,
DestroyAnim.Types,Animations,-1,DestroyAnim.Types,8的倍数带朝向，非8的倍数随机取一个,33ccff,
Bounce.ExpireAnim,Animations,-1,Bounce.ExpireAnim,抛射体命中时播放的动画,33ccff,
Lueluelue,bool,-1,Lueluelue,略略略,,
Spawns,AircraftTypes,-1,Spawns,子机的类型清单，子机数量大于1时启用，等于1则是第一个,00ff00,
ShowMeTheMoneyDisplay,bool,-1,ShowMeTheMoneyDisplay,是否显示金钱数量,,
Broadcast.MaxAttachTechno,String,-1,最多影响单位数,最多影响单位数,,
Broadcast.MaxAttachBullet,String,-1,最多影响子弹数,最多影响子弹数,,
IsToy,bool,-1,玩具弹头,没伤害,,
Vector.TimeStep,String,-1,移动器时间粒度,每隔这么多帧才会执行一次，非运动帧冻结在空中,,
Vector.OriginNoUpdate,bool,-1,不更新原点,默认每帧刷新原点重画坐标系,,
Vector.Force,bool,-1,强制移动,默认yes，跳过所有原版轨迹计算，暴力挪移,,
Vector.Freeze,bool,-1,移动器冻结,最高权限，使其他所有vector无效，暴力重置物体坐标到获得冻结瞬间的坐标,,
Vector.AnglePerStep,String,-1,MoveTo模式下画圆的角速度,只用于MoveTo模式，说不定这是多余的标签,,
Vector.CircleRadius,String,-1,圆·半径,圆周运动模式半径，不填就以当前坐标到圆心的xy距离为半径,,
Vector.CircleSpeed,String,-1,圆·速率,普通的圆周运动速率。建议别用这个，用角速度更方便。半径、角速度、速率三个只能选2个用,,
Vector.CircleSpeedAcceleration,String,-1,圆·加速度,叠加到圆周速率上,,
Vector.CircleMaxSpeed,String,-1,圆·最高速率,圆·最高速率,,
Vector.CircleMinSpeed,String,-1,圆·最低速率,圆·最低速率,,
Vector.CircleAnglePerStep,String,-1,圆·角速度,圆·角速度。有角速度时候就自动进入圆周模式,,
Vector.CircleAngleAcceleration,String,-1,圆·角加速度,圆·角加速度,,
Vector.CircleRandomRadius,String,-1,圆·随机初始半径,"填Min,Max",,
Vector.CircleRandomAngle,String,-1,圆·随机角速度,"填Min,Max",,
Vector.CircleMaxAngle,String,-1,圆·最大角速度,圆·最大角速度,,
Vector.CircleMinAngle,String,-1,圆·最低角速度,圆·最低角速度,,
Vector.CircleRadiusGrow,String,-1,圆·动态半径调整量,每帧对圆的半径做一个这个值的调整,,
Vector.CircleMaxRadius,String,-1,圆·最大半径,动态半径能处理到的极限。不要跟初始随机搞混,,
Vector.CircleMinRadius,String,-1,圆·最小半径,动态半径能处理到的极限。不要跟初始随机搞混,,
Vector.CircleEndOnMaxRadius,String,-1,圆·最大半径时移除AE,圆·最大半径时移除AE,,
Vector.CircleEndOnMinRadius,String,-1,圆·最小半径时移除AE,圆·最小半径时移除AE,,
Vector.TargetOffsetF,String,-1,目标点F偏移量,"填Min,Max",,
Vector.TargetOffsetL,String,-1,目标点L偏移量,"填Min,Max",,
Vector.TargetOffsetH,String,-1,目标点H偏移量,"填Min,Max",,
Vector.ReachTarget,bool,-1,线·持续时间结束时必定飞到指定FLH,为yes时，无视所有直线的速度设置！匀速运动,,
Vector.ArcHeight,String,-1,弧线高度,只在ReachTarget和Speed有效。自动解算抛物线。快把你的Arcing抛射体扔了吧！,,
Vector.AllowFallingDestroy,bool,-1,是否允许摔死,跟黑洞一样的设置,,
Vector.FallingDestroyHeight,String,-1,会摔死的高度,坠落高度，1格=104，2格=飞行器，跟黑洞一样,,
Vector.LinearSpeed,String,-1,线速度,普通的速度。不写的话就用JumpjetSpeed或自身的Speed,,
Vector.RandomSpeed,String,-1,线·随机初始速度,"填Min,Max",,
Vector.MaxSpeed,String,-1,线·最高速度,加速度能处理到的极限。不要跟初始随机搞混,,
Vector.MinSpeed,String,-1,线·最低速度,加速度能处理到的极限。不要跟初始随机搞混,,
Vector.Acceleration,String,-1,线·加速度,线·加速度,,
TurretSpin.Speed,String,-1,炮塔转速,负数表示反向,,
TurretSpin.SweepPeriod,String,-1,炮塔转动周期,以三角波描述的速度，波周期长度（帧）,,
BodySpin.Speed,String,-1,身体转速,负数表示反向,,
BodySpin.SweepPeriod,String,-1,身体转动周期,以三角波描述的速度，波周期长度（帧）,,
Host.Dynamic,bool,-1,Host.Dynamic,刷出附着对象,,
GiftBox.Dynamic,bool,-1,GiftBox.Dynamic,刷出附着对象,,
GiftBox.DynamicFromSource,bool,-1,GiftBox.DynamicFromSource,刷出AE来源。和Dynamic共存,,
Host.DynamicFromSource,bool,-1,Host.DynamicFromSource,刷出AE来源。和Dynamic共存,,
GetEffectTypes,AttachEffectTypes,-1,反向贴AE,弹头打到的东西给攻击者贴AE,9933ff,
Broadcast.GetTypes,AttachEffectTypes,-1,反向广播,广播接收者给广播塔贴AE,9933ff,
Stack.SourceGetEffects,AttachEffectTypes,-1,来源获得AE,直接给Stack来源贴AE,9933ff,
Stack.SourceRemoveEffects,AttachEffectTypes,-1,来源移除AE,直接移除Stack来源身上的AE,9933ff,
