语句名,链接种类,链接限制,短描述,长描述,连线颜色(RGB),输入类型,许可模块类型,英文注释
;────────────────────────────────────────────────────────────────────────,,,,,,,,
;【怎么自己加一种「带缩进的块」】—— 引擎不用改，只改配置：,,,,,,,,
;  ① 在本表加一行（照下面 UseFormattedFlagPack 那行抄）：,,,,,,,,
;       第1格 键名 = 新的引用键（例：UseMyBlock）,,,,,,,,
;       第2格 链接种类 = _AnyType,,,,,,,,
;       第3格 链接限制 = -1 不限 / 1 只允许一条 / 0 不可连,,,,,,,,
;       第4格 短描述（画布与列表上显示的字，能写中文）,,,,,,,,
;       第5格 长描述（鼠标停在这条语句上的提示）,,,,,,,,
;       第6格 连线颜色 = RRGGBB（可留空）,,,,,,,,
;       第7格 输入类型 = ImportAndMerge 或 FormattedImportAndMerge（都行，见 ②）,,,,,,,,
;  ② 到 Global/RegisterTypes.json 加一个类别（或改现成的），给它写  IndentBlock: true ，,,,,,,,,
;     并在该类别自己的 DefaultLinks 里写  _AnyType: ①里那个键名。,,,,,,,,
;     → 这个类别的块：导出时写成「块头 + 内容缩进一层 + 块尾」，导入时也按嵌套缩进认回来。,,,,,,,,
;  ③ 本表第一格以 ; 或 # 开头的行**都是注释**，随你写，引擎会跳过（后面几格写什么都不看）。,,,,,,,,
;【列含义】键名 | 链接种类 | 链接限制 | 短描述 | 长描述 | 连线颜色 | 输入类型 | 许可模块类型(可空),,,,,,,,
;【实例】将军的 Object … End、RA3 的 <X> … </X> 就是靠 UseFormattedFlagPack + FormattedFlagPack 还原的,,,,,,,,
;────────────────────────────────────────────────────────────────────────,,,,,,,,
AresInherit,_AnyType,10,织网者内置Ares继承,会创建[a]:[b]格式的继承,3250FF,Link,,
UseFlagPack,_AnyType,-1,语句包节点,调用一个语句包。语句包之间互相应当串联,808080,ImportAndMerge,,
UseGlobalFlagPack,_AnyType,1,全局语句包节点,引用 modproj 里的全局常量组（编译与导出时把包内容内联到引用者内容底下）,808080,ImportAndMerge,,
;↓ 带缩进的语句包（块）：展开成「块头 + 内容缩进一层 + 块尾」；限制 -1 = 一行能连多个子包,,,,,,,,
UseFormattedFlagPack,_AnyType,-1,格式化语句包节点,调用一个语句包（展开时按嵌套层加缩进）；与 UseFlagPack 同一件事，只是输出的格式带缩进层次,808080,FormattedImportAndMerge,,
这是我的AI触发,_AnyType,-1,这是我的AI触发,这是我的AI触发,ff00ff,ImportAndMerge,,
SingleVal,_AnyType,0,单值块,单值块,007F7F,SingleVal,,
StrEntry.,_AnyType,1,字符串列表项,字符串列表项,FFFFC0,StringListEntry,,
Collector.,_AnyType,-1,集线器,集线器,FFFFC0,Collector,,
索引收集.,_AnyType,-1,索引收集器,索引收集器,FFFFC0,索引收集,,
单位收集.,_AnyType,-1,单位收集器,单位收集器,FFFFC0,单位收集,,
MultColl.,_AnyType,0,顺序集线器,顺序集线器,FFFFC0,MultipleCollector,,
MultColl1,_AnyType,1,顺序集线器,顺序集线器,FFFFC0,MultipleCollector.1,,
InjectInto,_AnyType,-1,注入,把值写在后面而不是相加,404040,,,
