入口标签,可使用+号,描述独占一行,可重组件显示序号,行号起始,输入器1,输入器2,输入器3,输入器4,输入器5,输入器6,输入器7,输入器8,输入器9,输入器10,输入器11,输入器12,输入器13,输入器14,输入器15,输入器16,输入器17,输入器18,输入器19
InitialPayload,yes,,,,单位,数量,,,,,,,,,,,,,,,,,
TaskForces,yes,,,,个数,单位,,,,,,,,,,,,,,,,,
ScriptTypesCon,yes,,yes,,ScriptTypesCon,,,,,,,,,,,,,,,,,,
,,,,,,,,,,,,,,,,,,,,,,,
AITriggerTypes,no,yes,,,触发ID,触发名称,作战小队,Countries,TechLevel,判定条件,判定用的单位名称,判定用数值（0-255）,逻辑模式,初始权重,最小权重,最大权重,阵营,第二个作战小队,简单难度可用,中等难度可用,困难难度可用,,
ColorEdit,no,,,,ColorEdit,,,,,,,,,,,,,,,,,,
Category,no,,,,Category,,,,,,,,,,,,,,,,,,
AITargeting,no,,,,AITargeting,,,,,,,,,,,,,,,,,,
Armor,no,,,,其他装甲,,,,,,,,,,,,,,,,,,
CounterMath,no,,,,CounterMath,,,,,,,,,,,,,,,,,,
Colors,no,,,,Colors,,,,,,,,,,,,,,,,,,
CompareLogic,no,,,,CompareLogic,,,,,,,,,,,,,,,,,,
CounterActor,no,,,,CounterActor,,,,,,,,,,,,,,,,,,
CounterReaction,no,,,,CounterReaction,,,,,,,,,,,,,,,,,,
DamageReactionMode,no,,,,DamageReactionMode,,,,,,,,,,,,,,,,,,
Locomotor,no,,,,Locomotor,,,,,,,,,,,,,,,,,,
TeleportMode,no,,,,TeleportMode,,,,,,,,,,,,,,,,,,
Countries,no,,,,Countries-2,,,,,,,,,,,,,,,,,,
MovementZone,no,,,,MovementZone,,,,,,,,,,,,,,,,,,
VectorOrigin,no,,,,VectorOrigin,,,,,,,,,,,,,,,,,,
Abilities,no,,,,Abilities,,,,,,,,,,,,,,,,,,
Land,no,,,,Land,,,,,,,,,,,,,,,,,,
Mission,no,,,,Mission,,,,,,,,,,,,,,,,,,
CumulativeOptions,no,,,,CumulativeOptions,,,,,,,,,,,,,,,,,,
Versus,no,,,,None,Flak,Plate,Light,Medium,Heavy,Wood,Steel,Concrete,special_1,special_2,,,,,,,,
RGBFLH,no,,,,F,L,H,,,,,,,,,,,,,,,,
VersusPlus,yes,,,,护甲名称,比例,强行攻击,还击,主动攻击,,,,,,,,,,,,,,
DefineArmor,yes,,,,装甲名称,弹头比例（写%）/父类型,,,,,,,,,,,,,,,,,
FactoryMatrix1,yes,,,,单位,生产时间,生产成本,建造数量限制,Buff的个数,,,,,,,,,,,,,,
FactoryMatrix2,yes,,,,接受的BUFF,Buff的持续时间,,,,,,,,,,,,,,,,,
订单上限,no,,,,订单上限,,,,,,,,,,,,,,,,,,
MouseCursors,yes,yes,,,名称,初始帧,总帧数,两帧间隔,小地图初始帧,小地图帧数,触发点X,触发点Y,,,,,,,,,,,
MultipleCollector,,,,,自由节点,,,,,,,,,,,,,,,,,,
MultipleCollector.1,yes,,,,语句包,,,,,,,,,,,,,,,,,,
,,,,,,,,,,,,,,,,,,,,,,,
Collector,,,,,集线器节点,,,,,,,,,,,,,,,,,,
StringListEntry,yes,yes,,1,字符串项,,,,,,,,,,,,,,,,,,
SingleVal,,,,,单值项,,,,,,,,,,,,,,,,,,
索引收集,yes,,,,索引收集,,,,,,,,,,,,,,,,,,
单位收集,yes,,,,单位收集,,,,,,,,,,,,,,,,,,
