入口名,导出INI1,导出INI2,导出INI3,导出INI4
InitialPayload,InitialPayload.Types=@【1】,InitialPayload.Nums=@【2】,,
TaskForces,"【序号0】=【1】,【2】",,,
ScriptTypesCon,"【序号0】=【1】,【2】",,,
ScriptTypes,"【序号0】=【1】,【2】",,,
AITriggerTypes,"【触发ID】=【1】,【2】,【3】,【4】,【5】,【6】,【7】0000000【8】000000000000000000000000000000000000000000000000000000,【9】,【10】,【11】,1,0,【12】,0,【13】,【14】,【15】,【16】",,,
ColorEdit,【键】=【1】,,,
Category,【键】=【1】,,,
AITargeting,【键】=【1】,,,
Armor,【键】=【1】,,,
CounterMath,【键】=【1】,,,
Colors,【键】=【1】,,,
CompareLogic,【键】=【1】,,,
CounterActor,【键】=【1】,,,
CounterReaction,【键】=【1】,,,
DamageReactionMode,【键】=【1】,,,
Locomotor,【键】=【1】,,,
TeleportMode,【键】=【1】,,,
Countries,【键】=【1】,,,
MovementZone,【键】=【1】,,,
VectorOrigin,【键】=【1】,,,
Abilities,【键】=【1】,,,
Land,【键】=【1】,,,
Mission,【键】=【1】,,,
CumulativeOptions,【键】=【1】,,,
Versus,"【键】=【1】%,【2】%,【3】%,【4】%,【5】%,【6】%,【7】%,【8】%,【9】%,【10】%,【11】%",,,
RGBFLH,"【键】=【1】,【2】,【3】",,,
VersusPlus,Versus.【1】=【2】%,Versus.【1】.ForceFire=【3】,Versus.【1】.Retaliate=【4】,Versus.【1】.PassiveAcquire=【5】
DefineArmor,【1】=【2】,,,
FactoryMatrix1,"Power.Bases=@【订单上限】,@【2】,@【3】,@【4】,@!【FactoryMatrix2.2】",Effect.Technos=@【1】,Effect.Counts=@【5】,
FactoryMatrix2,Effect.AcceptBuffs=@【1】,,,
订单上限,,,,
MouseCursors,"【1】=【2】,【3】,【4】,【5】,【6】,【7】,【8】",,,
MultipleCollector,【键】=@!【MultColl1】
索引收集,【序号0】=@!【索引收集】,,,
单位收集,【序号0】=@!【单位收集】,,,
