输入器名称,类型,选项,默认值,候选项1,候选项2,候选项3,候选项4,候选项5,候选项6,候选项7,候选项8,候选项9,候选项10,候选项11,候选项12,候选项13,候选项14,候选项15,候选项16,候选项17,候选项18,候选项19,候选项20,候选项21,候选项22,候选项23,候选项24,候选项25,候选项26,英文候选项1,英文候选项2,英文候选项3,英文候选项4,英文候选项5,英文候选项6,英文候选项7,英文候选项8,英文候选项9,英文候选项10,英文候选项11,英文候选项12,英文候选项13,英文候选项14,英文候选项15,英文候选项16,英文候选项17,英文候选项18,英文候选项19,英文候选项20,英文候选项21,英文候选项22,英文候选项23,英文候选项24,英文候选项25,英文候选项26,英文输入器名称
单位,连线,1,,,,,,,,,,,,,,,,,,,,,,,,,,,,,,,,,,,,,,,,,,,,,,,,,,,,,,Unit
数量,数值,16,1,,,,,,,,,,,,,,,,,,,,,,,,,,,,,,,,,,,,,,,,,,,,,,,,,,,,,Amount
个数,文本框,16,1,,,,,,,,,,,,,,,,,,,,,,,,,,,,,,,,,,,,,,,,,,,,,,,,,,,,,Count
ScriptTypesCon,复杂选项,16,"0,1","0=攻击最接近的敌方目标；1=可攻击的任何目标,2=敌方建筑物,3=敌方资源单位，就是矿车和矿场,4=敌方步兵,5=敌方载具,6=敌方工厂，包括建造场、兵营、战车工厂、空指部和造船厂,7=敌方基地防御,8=基地威胁，目标在本方基地范围内的敌方单位 这个脚本不能用于战机,9=敌方发电厂,10=可以驻守的平民建筑物,11=可以占领的平民科技建筑物",,,,,,,,,,,,,,,,,,,,,,,,,,"0=Attack the closest enemy target；1=Any attackable target,2=Enemy buildings,3=Enemy resource units i.e. ore miners and refineries,4=Enemy infantry,5=Enemy vehicles,6=Enemy factories including construction yard barracks war factory air force command HQ and shipyard,7=Enemy base defenses,8=Base threat enemy units within own base area this script cannot be used for aircraft,9=Enemy power plants,10=Civilian buildings that can be garrisoned,11=Civilian tech buildings that can be captured",,,,,,,,,,,,,,,,,,,,,,,,,,
ScriptTypesCon,,,,5=原地待命6x秒；0=自由文本,,,,,,,,,,,,,,,,,,,,,,,,,,5=Stand by in place for 6x seconds；0=free text,,,,,,,,,,,,,,,,,,,,,,,,,,
ScriptTypesCon,,,,6=转到行号；0=自由文本,,,,,,,,,,,,,,,,,,,,,,,,,,6=Jump to line number；0=free text,,,,,,,,,,,,,,,,,,,,,,,,,,
ScriptTypesCon,,,"8,1","8=运载工具卸载；1=运载工具和卸出的单位都仍然是该小队的成员,2=运载工具仍然是该小队的成员，卸出的单位不再属于该小队（成为新兵）,3=运载工具不再属于该小队（成为新兵），卸出的单位仍然是该小队的成员,4=运载工具和卸出的单位都不再属于该小队（成为新兵）",,,,,,,,,,,,,,,,,,,,,,,,,,"8=Transport unload；1=Both the transport and the unloaded units remain members of the squad,2=The transport remains a member of the squad the unloaded units no longer belong to the squad (become rookies),3=The transport no longer belongs to the squad (becomes a rookie) the unloaded units remain members of the squad,4=Neither the transport nor the unloaded units belong to the squad (become rookies)",,,,,,,,,,,,,,,,,,,,,,,,,,
ScriptTypesCon,,,,9=部署；0='0',,,,,,,,,,,,,,,,,,,,,,,,,,9=Deploy；0='0',,,,,,,,,,,,,,,,,,,,,,,,,,
ScriptTypesCon,,,,"11=设置小队Mission；0=Sleep - 休眠,1=Attack - 根据威胁等级进行TeamType中的攻击任务,2=Move - 移动,3=QMove - 在其他部队移动结束后移动到目的地(遭遇战无效),4=Retreat - 撤退(可能会逃出地图),5=Guard - 防御，只攻击进入射程内的敌人,6=Sticky - 与防御类似，会与敌人交战但不会移动和追击(默认无法重组，但是可以改),7=Enter - 进入建筑或运输工具，AI会自动找寻附近的建筑物进驻,8=Capture - 用于MultiEngineer模式的工程师抢建筑,9=Eaten - 修理时卖掉(疑似Ra95残留),10=Harvest - 采矿,11=Area Guard - 区域防御，会主动迎击附近的敌人,12= Return - 子机回归,13=Stop - 停止当前动作,14=Ambush - 无效,15=Hunt-猎杀,16=Unload - 运输单位卸货,17=Sabotage - 放置C4或炸药,18=Construction - 在建筑建立的位置造建筑(车辆部署建筑同样有效),19=Selling - 变卖建筑,20=Repair - 修理,21=Rescue - 救援(意味不明),22=Missile - 种蘑菇,23=Harmless - 进入人畜无害状态,24=Open - 开门开门开门呐！,25=Patrol - 巡逻(遭遇战无效),26=Paradrop Approach - 空投靠近,27=Paradrop Overfly - 空投,28=Wait - 等待,29=Move - (特殊)Chrono类单位移动到目的地,30=Attack - (特殊)使用AreaFire武器开火,31=Spyplane Approach - 侦察机靠近,32=Spyplane Overfly - 侦察机侦查",,,,,,,,,,,,,,,,,,,,,,,,,,"11=Set squad Mission；0=Sleep - dormant,1=Attack - perform attack tasks in TeamType according to threat level,2=Move - move,3=QMove - move to destination after other units finish moving (invalid in skirmish),4=Retreat - retreat (may flee off the map),5=Guard - defend only attack enemies that come within range,6=Sticky - similar to Guard will engage enemies but will not move and pursue (cannot regroup by default but can be changed),7=Enter - enter buildings or transports the AI will automatically find nearby buildings to garrison,8=Capture - used by engineers in MultiEngineer mode to capture buildings,9=Eaten - sold when repairing (suspected Ra95 leftover),10=Harvest - mining,11=Area Guard - area defense will actively engage nearby enemies,12= Return - child aircraft return,13=Stop - stop current action,14=Ambush - invalid,15=Hunt-hunt,16=Unload - transport unit unloads cargo,17=Sabotage - place C4 or explosives,18=Construction - build at the location where a building is established (vehicle-deployed buildings also work),19=Selling - sell buildings,20=Repair - repair,21=Rescue - rescue (meaning unclear),22=Missile - plant mushrooms,23=Harmless - enter harmless state,24=Open - open the door open the door open the door!,25=Patrol - patrol (invalid in skirmish),26=Paradrop Approach - approach by paradrop,27=Paradrop Overfly - paradrop,28=Wait - wait,29=Move - (special) Chrono-type units move to destination,30=Attack - (special) fire using AreaFire weapon,31=Spyplane Approach - spy plane approach,32=Spyplane Overfly - spy plane reconnaissance",,,,,,,,,,,,,,,,,,,,,,,,,,
ScriptTypesCon,,,,14=装载到运载工具中(一个小队只能有一个可运输单位）；0='0',,,,,,,,,,,,,,,,,,,,,,,,,,14=Load into transport (a squad can only have one transportable unit)；0='0',,,,,,,,,,,,,,,,,,,,,,,,,,
ScriptTypesCon,,,,43=等待直到运载工具装满；0='0',,,,,,,,,,,,,,,,,,,,,,,,,,43=Wait until the transport is full；0='0',,,,,,,,,,,,,,,,,,,,,,,,,,
ScriptTypesCon,,,,46=攻击敌方建筑ID；0=自由文本,,,,,,,,,,,,,,,,,,,,,,,,,,46=Attack enemy building ID；0=free text,,,,,,,,,,,,,,,,,,,,,,,,,,
ScriptTypesCon,,,,47=移动至敌方建筑ID；0=自由文本,,,,,,,,,,,,,,,,,,,,,,,,,,47=Move to enemy building ID；0=free text,,,,,,,,,,,,,,,,,,,,,,,,,,
ScriptTypesCon,,,,49=该小队任务完成；0='0',,,,,,,,,,,,,,,,,,,,,,,,,,49=This squad's mission is complete；0='0',,,,,,,,,,,,,,,,,,,,,,,,,,
ScriptTypesCon,,,,53=在敌方基地附近集结；0='0',,,,,,,,,,,,,,,,,,,,,,,,,,53=Rally near enemy base；0='0',,,,,,,,,,,,,,,,,,,,,,,,,,
ScriptTypesCon,,,,54=在己方基地附近集结；0='0',,,,,,,,,,,,,,,,,,,,,,,,,,54=Rally near own base；0='0',,,,,,,,,,,,,,,,,,,,,,,,,,
ScriptTypesCon,,,,55=请求铁幕，如果可用；0='0',,,,,,,,,,,,,,,,,,,,,,,,,,55=Request Iron Curtain if available；0='0',,,,,,,,,,,,,,,,,,,,,,,,,,
ScriptTypesCon,,,,56=请求超时空传送至敌方建筑物ID；0=自由文本,,,,,,,,,,,,,,,,,,,,,,,,,,56=Request chrono teleport to enemy building ID；0=free text,,,,,,,,,,,,,,,,,,,,,,,,,,
ScriptTypesCon,,,"57,1","57=请求超时空传送至敌方目标；1=可攻击的任何目标,2=敌方建筑物,3=敌方资源单位，就是矿车和矿场,4=敌方步兵,5=敌方载具,6=敌方工厂，包括建造场、兵营、战车工厂、空指部和造船厂,7=敌方基地防御,8=基地威胁，目标在本方基地范围内的敌方单位 这个脚本不能用于战机,9=敌方发电厂,10=可以驻守的平民建筑物,11=可以占领的平民科技建筑物",,,,,,,,,,,,,,,,,,,,,,,,,,"57=Request chrono teleport to enemy target；1=Any attackable target,2=Enemy buildings,3=Enemy resource units i.e. ore miners and refineries,4=Enemy infantry,5=Enemy vehicles,6=Enemy factories including construction yard barracks war factory air force command HQ and shipyard,7=Enemy base defenses,8=Base threat enemy units within own base area this script cannot be used for aircraft,9=Enemy power plants,10=Civilian buildings that can be garrisoned,11=Civilian tech buildings that can be captured",,,,,,,,,,,,,,,,,,,,,,,,,,
ScriptTypesCon,,,,58=移动至己方建筑ID；0=自由文本,,,,,,,,,,,,,,,,,,,,,,,,,,58=Move to own building ID；0=free text,,,,,,,,,,,,,,,,,,,,,,,,,,
ScriptTypesCon,,,,60=送入部队回收厂；0='0',,,,,,,,,,,,,,,,,,,,,,,,,,60=Send to Grinder；0='0',,,,,,,,,,,,,,,,,,,,,,,,,,
ScriptTypesCon,,,,61=送入坦克碉堡；0='0',,,,,,,,,,,,,,,,,,,,,,,,,,61=Send to Tank Bunker；0='0',,,,,,,,,,,,,,,,,,,,,,,,,,
ScriptTypesCon,,,,62=送入生化反应炉；0='0',,,,,,,,,,,,,,,,,,,,,,,,,,62=Send to Bio Reactor；0='0',,,,,,,,,,,,,,,,,,,,,,,,,,
ScriptTypesCon,,,,63=进入战斗碉堡；0='0',,,,,,,,,,,,,,,,,,,,,,,,,,63=Enter Battle Bunker；0='0',,,,,,,,,,,,,,,,,,,,,,,,,,
ScriptTypesCon,,,,64=驻守最接近的平民建筑；0='0',,,,,,,,,,,,,,,,,,,,,,,,,,64=Guard nearest civilian building；0='0',,,,,,,,,,,,,,,,,,,,,,,,,,
动作参数,文本框,,0,,,,,,,,,,,,,,,,,,,,,,,,,,,,,,,,,,,,,,,,,,,,,,,,,,,,,
触发名称,文本框,,,,,,,,,,,,,,,,,,,,,,,,,,,,,,,,,,,,,,,,,,,,,,,,,,,,,,,
作战小队,连线,2,,,,,,,,,,,,,,,,,,,,,,,,,,,,,,,,,,,,,,,,,,,,,,,,,,,,,,
Countries,选项,4,<all>,<all>=所有,,,,,,,,,,,,,,,,,,,,,,,,,,,,,,,,,,,,,,,,,,,,,,,,,,,,
Countries,,,,Americans=美国,,,,,,,,,,,,,,,,,,,,,,,,,,,,,,,,,,,,,,,,,,,,,,,,,,,,
Countries,,,,Alliance=韩国,,,,,,,,,,,,,,,,,,,,,,,,,,,,,,,,,,,,,,,,,,,,,,,,,,,,
Countries,,,,French=法国,,,,,,,,,,,,,,,,,,,,,,,,,,,,,,,,,,,,,,,,,,,,,,,,,,,,
Countries,,,,British=英国,,,,,,,,,,,,,,,,,,,,,,,,,,,,,,,,,,,,,,,,,,,,,,,,,,,,
Countries,,,,Germans=德国,,,,,,,,,,,,,,,,,,,,,,,,,,,,,,,,,,,,,,,,,,,,,,,,,,,,
Countries,,,,Confederation=古巴,,,,,,,,,,,,,,,,,,,,,,,,,,,,,,,,,,,,,,,,,,,,,,,,,,,,
Countries,,,,Africans=利比亚,,,,,,,,,,,,,,,,,,,,,,,,,,,,,,,,,,,,,,,,,,,,,,,,,,,,
Countries,,,,Arabs=伊拉克,,,,,,,,,,,,,,,,,,,,,,,,,,,,,,,,,,,,,,,,,,,,,,,,,,,,
Countries,,,,Russians=苏俄,,,,,,,,,,,,,,,,,,,,,,,,,,,,,,,,,,,,,,,,,,,,,,,,,,,,
Countries,,,,YuriCountry=尤里,,,,,,,,,,,,,,,,,,,,,,,,,,,,,,,,,,,,,,,,,,,,,,,,,,,,
名称,文本框,14,,,,,,,,,,,,,,,,,,,,,,,,,,,,,,,,,,,,,,,,,,,,,,,,,,,,,,
判定条件,选项,4,0,0=目标敌方单位满足条件,,,,,,,,,,,,,,,,,,,,,,,,,,,,,,,,,,,,,,,,,,,,,,,,,,,,
判定条件,,,,1=本方单位满足条件,,,,,,,,,,,,,,,,,,,,,,,,,,,,,,,,,,,,,,,,,,,,,,,,,,,,
判定条件,,,,2=敌方电力黄,,,,,,,,,,,,,,,,,,,,,,,,,,,,,,,,,,,,,,,,,,,,,,,,,,,,
判定条件,,,,3=敌方电力红,,,,,,,,,,,,,,,,,,,,,,,,,,,,,,,,,,,,,,,,,,,,,,,,,,,,
判定条件,,,,4=目标敌方金钱大于或等于,,,,,,,,,,,,,,,,,,,,,,,,,,,,,,,,,,,,,,,,,,,,,,,,,,,,
判定条件,,,,5=本方铁幕装置就绪,,,,,,,,,,,,,,,,,,,,,,,,,,,,,,,,,,,,,,,,,,,,,,,,,,,,
判定条件,,,,6=本方超时空传送就绪,,,,,,,,,,,,,,,,,,,,,,,,,,,,,,,,,,,,,,,,,,,,,,,,,,,,
判定条件,,,,7=平民单位满足条件,,,,,,,,,,,,,,,,,,,,,,,,,,,,,,,,,,,,,,,,,,,,,,,,,,,,Action Parameter
判定用的单位名称,连线,1,,,,,,,,,,,,,,,,,,,,,,,,,,,,,,,,,,,,,,,,,,,,,,,,,,,,,,Trigger Name
判定用数值（0-255）,文本框,,,,,,,,,,,,,,,,,,,,,,,,,,,,,,,,,,,,,,,,,,,,,,,,,,,,,,,Task Force
逻辑模式,选项,4,0,0=小于,,,,,,,,,,,,,,,,,,,,,,,,,,<all>=All,,,,,,,,,,,,,,,,,,,,,,,,,,
逻辑模式,,,,1=小于或等于,,,,,,,,,,,,,,,,,,,,,,,,,,Americans=America,,,,,,,,,,,,,,,,,,,,,,,,,,
逻辑模式,,,,2=等于,,,,,,,,,,,,,,,,,,,,,,,,,,Alliance=Korea,,,,,,,,,,,,,,,,,,,,,,,,,,
逻辑模式,,,,3=大于或等于,,,,,,,,,,,,,,,,,,,,,,,,,,French=France,,,,,,,,,,,,,,,,,,,,,,,,,,
逻辑模式,,,,4=大于,,,,,,,,,,,,,,,,,,,,,,,,,,British=Great Britain,,,,,,,,,,,,,,,,,,,,,,,,,,
逻辑模式,,,,5=不等于,,,,,,,,,,,,,,,,,,,,,,,,,,Germans=Germany,,,,,,,,,,,,,,,,,,,,,,,,,,
初始权重,选项,4,10,10=10,,,,,,,,,,,,,,,,,,,,,,,,,,Confederation=Cuba,,,,,,,,,,,,,,,,,,,,,,,,,,
初始权重,,,,20=20,,,,,,,,,,,,,,,,,,,,,,,,,,Africans=Libya,,,,,,,,,,,,,,,,,,,,,,,,,,
初始权重,,,,40=40,,,,,,,,,,,,,,,,,,,,,,,,,,Arabs=Iraq,,,,,,,,,,,,,,,,,,,,,,,,,,
初始权重,,,,50=50,,,,,,,,,,,,,,,,,,,,,,,,,,Russians=Russia,,,,,,,,,,,,,,,,,,,,,,,,,,
初始权重,,,,70=70,,,,,,,,,,,,,,,,,,,,,,,,,,YuriCountry=Yuri,,,,,,,,,,,,,,,,,,,,,,,,,,
初始权重,,,,500=500,,,,,,,,,,,,,,,,,,,,,,,,,,,,,,,,,,,,,,,,,,,,,,,,,,,,Name
初始权重,,,,5000=5000,,,,,,,,,,,,,,,,,,,,,,,,,,0=Target enemy unit meets condition,,,,,,,,,,,,,,,,,,,,,,,,,,Condition
最小权重,选项,4,10,10=10,,,,,,,,,,,,,,,,,,,,,,,,,,1=Own unit meets condition,,,,,,,,,,,,,,,,,,,,,,,,,,Condition
最小权重,,,,20=20,,,,,,,,,,,,,,,,,,,,,,,,,,2=Enemy power yellow,,,,,,,,,,,,,,,,,,,,,,,,,,Condition
最小权重,,,,40=40,,,,,,,,,,,,,,,,,,,,,,,,,,3=Enemy power red,,,,,,,,,,,,,,,,,,,,,,,,,,Condition
最小权重,,,,50=50,,,,,,,,,,,,,,,,,,,,,,,,,,4=Target enemy credits greater than or equal to,,,,,,,,,,,,,,,,,,,,,,,,,,Condition
最小权重,,,,70=70,,,,,,,,,,,,,,,,,,,,,,,,,,5=Our Iron Curtain Device is ready,,,,,,,,,,,,,,,,,,,,,,,,,,Condition
最小权重,,,,500=500,,,,,,,,,,,,,,,,,,,,,,,,,,6=Our Chronosphere is ready,,,,,,,,,,,,,,,,,,,,,,,,,,Condition
最小权重,,,,5000=5000,,,,,,,,,,,,,,,,,,,,,,,,,,7=Civilian units meet the conditions,,,,,,,,,,,,,,,,,,,,,,,,,,Condition
最大权重,选项,4,10,10=10,,,,,,,,,,,,,,,,,,,,,,,,,,,,,,,,,,,,,,,,,,,,,,,,,,,,Condition Unit
最大权重,,,,20=20,,,,,,,,,,,,,,,,,,,,,,,,,,,,,,,,,,,,,,,,,,,,,,,,,,,,Condition Value (0-255)
最大权重,,,,40=40,,,,,,,,,,,,,,,,,,,,,,,,,,0=Less than,,,,,,,,,,,,,,,,,,,,,,,,,,Comparison
最大权重,,,,50=50,,,,,,,,,,,,,,,,,,,,,,,,,,1=Less than or equal to,,,,,,,,,,,,,,,,,,,,,,,,,,Comparison
最大权重,,,,70=70,,,,,,,,,,,,,,,,,,,,,,,,,,2=Equal to,,,,,,,,,,,,,,,,,,,,,,,,,,Comparison
最大权重,,,,500=500,,,,,,,,,,,,,,,,,,,,,,,,,,3=Greater than or equal to,,,,,,,,,,,,,,,,,,,,,,,,,,Comparison
最大权重,,,,5000=5000,,,,,,,,,,,,,,,,,,,,,,,,,,4=Greater than,,,,,,,,,,,,,,,,,,,,,,,,,,Comparison
,,,,,,,,,,,,,,,,,,,,,,,,,,,,,,5=Not equal to,,,,,,,,,,,,,,,,,,,,,,,,,,Comparison
第二个作战小队,连线,2,,,,,,,,,,,,,,,,,,,,,,,,,,,,10=10,,,,,,,,,,,,,,,,,,,,,,,,,,Initial Weight
简单难度可用,布尔,7,0,,,,,,,,,,,,,,,,,,,,,,,,,,,20=20,,,,,,,,,,,,,,,,,,,,,,,,,,Initial Weight
中等难度可用,布尔,7,0,,,,,,,,,,,,,,,,,,,,,,,,,,,40=40,,,,,,,,,,,,,,,,,,,,,,,,,,Initial Weight
困难难度可用,布尔,7,0,,,,,,,,,,,,,,,,,,,,,,,,,,,50=50,,,,,,,,,,,,,,,,,,,,,,,,,,Initial Weight
ColorEdit,颜色,12,"255,255,255",,,,,,,,,,,,,,,,,,,,,,,,,,,70=70,,,,,,,,,,,,,,,,,,,,,,,,,,Initial Weight
Category,选项,4,Soldier,AirLift=运输机,,,,,,,,,,,,,,,,,,,,,,,,,,500=500,,,,,,,,,,,,,,,,,,,,,,,,,,Initial Weight
Category,,,,AirPower=战机,,,,,,,,,,,,,,,,,,,,,,,,,,5000=5000,,,,,,,,,,,,,,,,,,,,,,,,,,Initial Weight
Category,,,,Transport=运输车,,,,,,,,,,,,,,,,,,,,,,,,,,10=10,,,,,,,,,,,,,,,,,,,,,,,,,,Min Weight
Category,,,,Support=基地车,,,,,,,,,,,,,,,,,,,,,,,,,,20=20,,,,,,,,,,,,,,,,,,,,,,,,,,Min Weight
Category,,,,LRFS=远射程载具,,,,,,,,,,,,,,,,,,,,,,,,,,40=40,,,,,,,,,,,,,,,,,,,,,,,,,,Min Weight
Category,,,,IFV=步兵载具,,,,,,,,,,,,,,,,,,,,,,,,,,50=50,,,,,,,,,,,,,,,,,,,,,,,,,,Min Weight
Category,,,,AFV=载具,,,,,,,,,,,,,,,,,,,,,,,,,,70=70,,,,,,,,,,,,,,,,,,,,,,,,,,Min Weight
Category,,,,Recon=Recon载具,,,,,,,,,,,,,,,,,,,,,,,,,,500=500,,,,,,,,,,,,,,,,,,,,,,,,,,Min Weight
Category,,,,Soldier=步兵,,,,,,,,,,,,,,,,,,,,,,,,,,5000=5000,,,,,,,,,,,,,,,,,,,,,,,,,,Min Weight
AITargeting,选项,4,None,None=不会用,,,,,,,,,,,,,,,,,,,,,,,,,,10=10,,,,,,,,,,,,,,,,,,,,,,,,,,Max Weight
AITargeting,,,,Nuke=侵略性或用触发指定,,,,,,,,,,,,,,,,,,,,,,,,,,20=20,,,,,,,,,,,,,,,,,,,,,,,,,,Max Weight
AITargeting,,,,LightningStorm=侵略性，不能和其他闪电一起,,,,,,,,,,,,,,,,,,,,,,,,,,40=40,,,,,,,,,,,,,,,,,,,,,,,,,,Max Weight
AITargeting,,,,PsychicDominator=最大的敌人单位集群,,,,,,,,,,,,,,,,,,,,,,,,,,50=50,,,,,,,,,,,,,,,,,,,,,,,,,,Max Weight
AITargeting,,,,GeneticMutator=3X3内最大的敌人步兵集群,,,,,,,,,,,,,,,,,,,,,,,,,,70=70,,,,,,,,,,,,,,,,,,,,,,,,,,Max Weight
AITargeting,,,,IronCurtain=运用55号脚本关联启动，类似原版铁幕,,,,,,,,,,,,,,,,,,,,,,,,,,500=500,,,,,,,,,,,,,,,,,,,,,,,,,,Max Weight
AITargeting,,,,ForceShield=敌人超武砸的地方,,,,,,,,,,,,,,,,,,,,,,,,,,5000=5000,,,,,,,,,,,,,,,,,,,,,,,,,,Max Weight
AITargeting,,,,ParaDrop=敌人家防御最差的地方,,,,,,,,,,,,,,,,,,,,,,,,,,,,,,,,,,,,,,,,,,,,,,,,,,,,
AITargeting,,,,DropPod=敌人基地中心外围空地,,,,,,,,,,,,,,,,,,,,,,,,,,,,,,,,,,,,,,,,,,,,,,,,,,,,Second Task Force
AITargeting,,,,Offensive=侵略性,,,,,,,,,,,,,,,,,,,,,,,,,,,,,,,,,,,,,,,,,,,,,,,,,,,,Available on Easy
AITargeting,,,,MultiMissile=根据附近单位威胁值选定目标,,,,,,,,,,,,,,,,,,,,,,,,,,,,,,,,,,,,,,,,,,,,,,,,,,,,Available on Normal
AITargeting,,,,HunterSeeker=像NoTarget一样，但是会打敌人的单位，这个只对一些超武有用,,,,,,,,,,,,,,,,,,,,,,,,,,,,,,,,,,,,,,,,,,,,,,,,,,,,Available on Hard
AITargeting,,,,NoTarget=随便砸，会导致Deliver等类型的超武无法正常生成对象,,,,,,,,,,,,,,,,,,,,,,,,,,,,,,,,,,,,,,,,,,,,,,,,,,,,
AITargeting,,,,Stealth=只攻击隐形单位，受SW.RequiresTarget和SW.RequiresHouse影响,,,,,,,,,,,,,,,,,,,,,,,,,,AirLift=Transport Plane,,,,,,,,,,,,,,,,,,,,,,,,,,
AITargeting,,,,Self=砸这个超武的超武建筑,,,,,,,,,,,,,,,,,,,,,,,,,,AirPower=Warplane,,,,,,,,,,,,,,,,,,,,,,,,,,
AITargeting,,,,Base=砸自己基地,,,,,,,,,,,,,,,,,,,,,,,,,,Transport=Transport Vehicle,,,,,,,,,,,,,,,,,,,,,,,,,,
AITargeting,,,,EnemyBase=砸敌人基地，不过这两个是直接算基地中心的单元格，哪怕那里什么都没有,,,,,,,,,,,,,,,,,,,,,,,,,,Support=MCV,,,,,,,,,,,,,,,,,,,,,,,,,,
AITargeting,,,,Attack=类似于NoTarget，但是会在所属方被攻击时启动（类似于自卫）,,,,,,,,,,,,,,,,,,,,,,,,,,LRFS=Long-Range Vehicle,,,,,,,,,,,,,,,,,,,,,,,,,,
AITargeting,,,,LowPower=类似于NoTarget，但是会在所属方处于低电力时启动,,,,,,,,,,,,,,,,,,,,,,,,,,IFV=Infantry Vehicle,,,,,,,,,,,,,,,,,,,,,,,,,,
AITargeting,,,,LowPowerAttack=把上面那两个结合在一起,,,,,,,,,,,,,,,,,,,,,,,,,,AFV=Vehicle,,,,,,,,,,,,,,,,,,,,,,,,,,
AITargeting,,,,LightningRandom=随机瞄准，仍然读取指示者和抑制者，可以正常生成对象,,,,,,,,,,,,,,,,,,,,,,,,,,Recon=Recon Vehicle,,,,,,,,,,,,,,,,,,,,,,,,,,
其他装甲,可手填选项,4,,none=无装甲,,,,,,,,,,,,,,,,,,,,,,,,,,Soldier=Infantry,,,,,,,,,,,,,,,,,,,,,,,,,,
其他装甲,,,,flak=步兵轻甲,,,,,,,,,,,,,,,,,,,,,,,,,,None=Not Used,,,,,,,,,,,,,,,,,,,,,,,,,,
其他装甲,,,,plate=步兵中甲,,,,,,,,,,,,,,,,,,,,,,,,,,Nuke=Aggressive or specified by trigger,,,,,,,,,,,,,,,,,,,,,,,,,,
其他装甲,,,,light=单位轻甲,,,,,,,,,,,,,,,,,,,,,,,,,,LightningStorm=Aggressive cannot be used together with other Lightning Storms,,,,,,,,,,,,,,,,,,,,,,,,,,
其他装甲,,,,medium=单位中甲,,,,,,,,,,,,,,,,,,,,,,,,,,PsychicDominator=largest enemy unit cluster,,,,,,,,,,,,,,,,,,,,,,,,,,
其他装甲,,,,heavy=单位重甲,,,,,,,,,,,,,,,,,,,,,,,,,,GeneticMutator=largest enemy infantry cluster within 3X3,,,,,,,,,,,,,,,,,,,,,,,,,,
其他装甲,,,,wood=建筑木甲,,,,,,,,,,,,,,,,,,,,,,,,,,IronCurtain=Triggered in association with Script 55 similar to the original Iron Curtain,,,,,,,,,,,,,,,,,,,,,,,,,,
其他装甲,,,,steel=建筑钢甲,,,,,,,,,,,,,,,,,,,,,,,,,,ForceShield=where enemy superweapons hit,,,,,,,,,,,,,,,,,,,,,,,,,,
其他装甲,,,,concrete=建筑混凝土甲,,,,,,,,,,,,,,,,,,,,,,,,,,ParaDrop=where the enemy base's defenses are weakest,,,,,,,,,,,,,,,,,,,,,,,,,,
其他装甲,,,,special_1=特殊甲1,,,,,,,,,,,,,,,,,,,,,,,,,,DropPod=open ground around the enemy base center,,,,,,,,,,,,,,,,,,,,,,,,,,
其他装甲,,,,special_2=特殊甲2,,,,,,,,,,,,,,,,,,,,,,,,,,Offensive=Aggressive,,,,,,,,,,,,,,,,,,,,,,,,,,
CounterMath,选项,4,ASS,ASS=增加,,,,,,,,,,,,,,,,,,,,,,,,,,MultiMissile=Select target based on threat value of nearby units,,,,,,,,,,,,,,,,,,,,,,,,,,
CounterMath,,,,INTERCOURSE=定值,,,,,,,,,,,,,,,,,,,,,,,,,,HunterSeeker=Like NoTarget but will attack enemy units this only works for some superweapons,,,,,,,,,,,,,,,,,,,,,,,,,,
CounterMath,,,,SHIT=减少,,,,,,,,,,,,,,,,,,,,,,,,,,NoTarget=Strikes randomly will cause superweapons such as Deliver to fail to generate objects normally,,,,,,,,,,,,,,,,,,,,,,,,,,
CounterMath,,,,MASTURBATION=乘,,,,,,,,,,,,,,,,,,,,,,,,,,Stealth=Only attacks stealth units affected by SW.RequiresTarget and SW.RequiresHouse,,,,,,,,,,,,,,,,,,,,,,,,,,
Colors,选项,4,LightGold,LightGold=橙色,,,,,,,,,,,,,,,,,,,,,,,,,,Self=Strikes the superweapon building that owns this superweapon,,,,,,,,,,,,,,,,,,,,,,,,,,
Colors,,,,Gold=亮黄,,,,,,,,,,,,,,,,,,,,,,,,,,Base=Strikes own base,,,,,,,,,,,,,,,,,,,,,,,,,,
Colors,,,,LightGrey=白,,,,,,,,,,,,,,,,,,,,,,,,,,EnemyBase=Strikes enemy base but these two directly target the base center cell even if there is nothing there,,,,,,,,,,,,,,,,,,,,,,,,,,
Colors,,,,Grey=灰,,,,,,,,,,,,,,,,,,,,,,,,,,Attack=Similar to NoTarget but activates when the owning house is attacked (similar to self-defense),,,,,,,,,,,,,,,,,,,,,,,,,,
Colors,,,,Red=棕色,,,,,,,,,,,,,,,,,,,,,,,,,,LowPower=Similar to NoTarget but activates when the owning house is at low power,,,,,,,,,,,,,,,,,,,,,,,,,,
Colors,,,,DarkRed=红色,,,,,,,,,,,,,,,,,,,,,,,,,,LowPowerAttack=Combines the above two,,,,,,,,,,,,,,,,,,,,,,,,,,
Colors,,,,Orange=橙色,,,,,,,,,,,,,,,,,,,,,,,,,,LightningRandom=Random targeting still reads designators and inhibitors can spawn objects normally,,,,,,,,,,,,,,,,,,,,,,,,,,
Colors,,,,Magenta=粉色,,,,,,,,,,,,,,,,,,,,,,,,,,none=No Armor,,,,,,,,,,,,,,,,,,,,,,,,,,Other Armor
Colors,,,,Purple=紫色,,,,,,,,,,,,,,,,,,,,,,,,,,flak=Infantry Light Armor,,,,,,,,,,,,,,,,,,,,,,,,,,Other Armor
Colors,,,,LightBlue=浅蓝,,,,,,,,,,,,,,,,,,,,,,,,,,plate=Infantry Medium Armor,,,,,,,,,,,,,,,,,,,,,,,,,,Other Armor
Colors,,,,DarkBlue=蓝,,,,,,,,,,,,,,,,,,,,,,,,,,light=Unit Light Armor,,,,,,,,,,,,,,,,,,,,,,,,,,Other Armor
Colors,,,,NeonBlue=紫色,,,,,,,,,,,,,,,,,,,,,,,,,,medium=Unit Medium Armor,,,,,,,,,,,,,,,,,,,,,,,,,,Other Armor
Colors,,,,DarkSky=青色,,,,,,,,,,,,,,,,,,,,,,,,,,heavy=Unit Heavy Armor,,,,,,,,,,,,,,,,,,,,,,,,,,Other Armor
Colors,,,,Green=浅绿,,,,,,,,,,,,,,,,,,,,,,,,,,wood=Building Wood Armor,,,,,,,,,,,,,,,,,,,,,,,,,,Other Armor
Colors,,,,DarkGreen=绿色,,,,,,,,,,,,,,,,,,,,,,,,,,steel=Building Steel Armor,,,,,,,,,,,,,,,,,,,,,,,,,,Other Armor
Colors,,,,NeonGreen=黑,,,,,,,,,,,,,,,,,,,,,,,,,,concrete=Building Concrete Armor,,,,,,,,,,,,,,,,,,,,,,,,,,Other Armor
Colors,,,,Yellow=黄色,,,,,,,,,,,,,,,,,,,,,,,,,,special_1=Special Armor 1,,,,,,,,,,,,,,,,,,,,,,,,,,Other Armor
Colors,,,,Purple2=紫色2,,,,,,,,,,,,,,,,,,,,,,,,,,special_2=Special Armor 2,,,,,,,,,,,,,,,,,,,,,,,,,,Other Armor
Colors,,,,Purple3=紫色3,,,,,,,,,,,,,,,,,,,,,,,,,,ASS=Increase,,,,,,,,,,,,,,,,,,,,,,,,,,
CompareLogic,选项,4,EQ,EQ=等于,,,,,,,,,,,,,,,,,,,,,,,,,,INTERCOURSE=Fixed Value,,,,,,,,,,,,,,,,,,,,,,,,,,
CompareLogic,,,,NE=不等于,,,,,,,,,,,,,,,,,,,,,,,,,,SHIT=Decrease,,,,,,,,,,,,,,,,,,,,,,,,,,
CompareLogic,,,,GT=大于,,,,,,,,,,,,,,,,,,,,,,,,,,MASTURBATION=Multiply,,,,,,,,,,,,,,,,,,,,,,,,,,
CompareLogic,,,,LT=小于,,,,,,,,,,,,,,,,,,,,,,,,,,LightGold=Orange,,,,,,,,,,,,,,,,,,,,,,,,,,
CompareLogic,,,,GE=大于等于,,,,,,,,,,,,,,,,,,,,,,,,,,Gold=Bright Yellow,,,,,,,,,,,,,,,,,,,,,,,,,,
CompareLogic,,,,LE=小于等于,,,,,,,,,,,,,,,,,,,,,,,,,,LightGrey=White,,,,,,,,,,,,,,,,,,,,,,,,,,
CounterActor,选项,4,ME,ME=触发器所在对象,,,,,,,,,,,,,,,,,,,,,,,,,,Grey=Gray,,,,,,,,,,,,,,,,,,,,,,,,,,
CounterActor,,,,SUCK=触发器来源,,,,,,,,,,,,,,,,,,,,,,,,,,Red=Brown,,,,,,,,,,,,,,,,,,,,,,,,,,
CounterActor,,,,CUNNILINGUS=计数器来源,,,,,,,,,,,,,,,,,,,,,,,,,,DarkRed=Red,,,,,,,,,,,,,,,,,,,,,,,,,,
CounterReaction,选项,4,NO_PANTIES,NO_PANTIES=普通计数器,,,,,,,,,,,,,,,,,,,,,,,,,,Orange=Orange,,,,,,,,,,,,,,,,,,,,,,,,,,
CounterReaction,,,,HENTAI=与血量同时增减,,,,,,,,,,,,,,,,,,,,,,,,,,Magenta=Pink,,,,,,,,,,,,,,,,,,,,,,,,,,
CounterReaction,,,,SHIT=护盾，抵扣伤害,,,,,,,,,,,,,,,,,,,,,,,,,,Purple=Purple,,,,,,,,,,,,,,,,,,,,,,,,,,
DamageReactionMode,选项,4,PISS,E-HENTAI=概率闪避,,,,,,,,,,,,,,,,,,,,,,,,,,LightBlue=Light Blue,,,,,,,,,,,,,,,,,,,,,,,,,,
DamageReactionMode,,,,RoadRolarDa=比例减少,,,,,,,,,,,,,,,,,,,,,,,,,,DarkBlue=Blue,,,,,,,,,,,,,,,,,,,,,,,,,,
DamageReactionMode,,,,FUCK=刚毅盾，减到定值,,,,,,,,,,,,,,,,,,,,,,,,,,NeonBlue=Purple,,,,,,,,,,,,,,,,,,,,,,,,,,
DamageReactionMode,,,,PISS=免疫死亡,,,,,,,,,,,,,,,,,,,,,,,,,,DarkSky=Cyan,,,,,,,,,,,,,,,,,,,,,,,,,,
Locomotor,选项,4,{4A582741-9839-11d1-B709-00A024DDAFD1},{4A582741-9839-11d1-B709-00A024DDAFD1}=地面载具,,,,,,,,,,,,,,,,,,,,,,,,,,Green=Light Green,,,,,,,,,,,,,,,,,,,,,,,,,,
Locomotor,,,,{4A582742-9839-11d1-B709-00A024DDAFD1}=悬浮载具,,,,,,,,,,,,,,,,,,,,,,,,,,DarkGreen=Green,,,,,,,,,,,,,,,,,,,,,,,,,,
Locomotor,,,,{4A582743-9839-11d1-B709-00A024DDAFD1}=钻地载具,,,,,,,,,,,,,,,,,,,,,,,,,,NeonGreen=Black,,,,,,,,,,,,,,,,,,,,,,,,,,
Locomotor,,,,{4A582744-9839-11d1-B709-00A024DDAFD1}=地面步兵,,,,,,,,,,,,,,,,,,,,,,,,,,Yellow=Yellow,,,,,,,,,,,,,,,,,,,,,,,,,,
Locomotor,,,,{4A582745-9839-11d1-B709-00A024DDAFD1}=空降仓投送,,,,,,,,,,,,,,,,,,,,,,,,,,Purple2=Purple2,,,,,,,,,,,,,,,,,,,,,,,,,,
Locomotor,,,,{4A582746-9839-11d1-B709-00A024DDAFD1}=机场飞机,,,,,,,,,,,,,,,,,,,,,,,,,,Purple3=Purple3,,,,,,,,,,,,,,,,,,,,,,,,,,
Locomotor,,,,{4A582747-9839-11d1-B709-00A024DDAFD1}=超时空,,,,,,,,,,,,,,,,,,,,,,,,,,EQ=Equal,,,,,,,,,,,,,,,,,,,,,,,,,,
Locomotor,,,,{55D141B8-DB94-11d1-AC98-006008055BB5}=步行鸡甲,,,,,,,,,,,,,,,,,,,,,,,,,,NE=Not Equal,,,,,,,,,,,,,,,,,,,,,,,,,,
Locomotor,,,,{92612C46-F71F-11d1-AC9F-006008055BB5}=Jumpjet,,,,,,,,,,,,,,,,,,,,,,,,,,GT=Greater Than,,,,,,,,,,,,,,,,,,,,,,,,,,
Locomotor,,,,{2BEA74E1-7CCA-11d3-BE14-00104B62A16C}=舰船,,,,,,,,,,,,,,,,,,,,,,,,,,LT=Less Than,,,,,,,,,,,,,,,,,,,,,,,,,,
Locomotor,,,,{B7B49766-E576-11d3-9BD9-00104B972FE8}=导弹,,,,,,,,,,,,,,,,,,,,,,,,,,GE=Greater Than or Equal To,,,,,,,,,,,,,,,,,,,,,,,,,,
TeleportMode,选项,4,NONE,NONE=无,,,,,,,,,,,,,,,,,,,,,,,,,,LE=Less Than or Equal To,,,,,,,,,,,,,,,,,,,,,,,,,,
TeleportMode,,,,MOVE=传送到移动目标,,,,,,,,,,,,,,,,,,,,,,,,,,ME=Object where trigger is located,,,,,,,,,,,,,,,,,,,,,,,,,,
TeleportMode,,,,WARHEAD=传送到传送弹头爆炸点,,,,,,,,,,,,,,,,,,,,,,,,,,SUCK=Trigger source,,,,,,,,,,,,,,,,,,,,,,,,,,
TeleportMode,,,,BOTH=双模式,,,,,,,,,,,,,,,,,,,,,,,,,,CUNNILINGUS=Counter source,,,,,,,,,,,,,,,,,,,,,,,,,,
Countries-2,选项,9,,Americans=美国,,,,,,,,,,,,,,,,,,,,,,,,,,NO_PANTIES=Normal counter,,,,,,,,,,,,,,,,,,,,,,,,,,
Countries-2,,,,Alliance=韩国,,,,,,,,,,,,,,,,,,,,,,,,,,HENTAI=Increases/decreases with HP,,,,,,,,,,,,,,,,,,,,,,,,,,
Countries-2,,,,French=法国,,,,,,,,,,,,,,,,,,,,,,,,,,SHIT=Shield absorbs damage,,,,,,,,,,,,,,,,,,,,,,,,,,
Countries-2,,,,British=英国,,,,,,,,,,,,,,,,,,,,,,,,,,E-HENTAI=Chance to dodge,,,,,,,,,,,,,,,,,,,,,,,,,,
Countries-2,,,,Germans=德国,,,,,,,,,,,,,,,,,,,,,,,,,,RoadRolarDa=Proportional reduction,,,,,,,,,,,,,,,,,,,,,,,,,,
Countries-2,,,,Confederation=古巴,,,,,,,,,,,,,,,,,,,,,,,,,,FUCK=Fortitude shield reduces to a fixed value,,,,,,,,,,,,,,,,,,,,,,,,,,
Countries-2,,,,Africans=利比亚,,,,,,,,,,,,,,,,,,,,,,,,,,PISS=Immune to death,,,,,,,,,,,,,,,,,,,,,,,,,,
Countries-2,,,,Arabs=伊拉克,,,,,,,,,,,,,,,,,,,,,,,,,,{4A582741-9839-11d1-B709-00A024DDAFD1}=Ground vehicle,,,,,,,,,,,,,,,,,,,,,,,,,,
Countries-2,,,,Russians=苏俄,,,,,,,,,,,,,,,,,,,,,,,,,,{4A582742-9839-11d1-B709-00A024DDAFD1}=Hover vehicle,,,,,,,,,,,,,,,,,,,,,,,,,,
Countries-2,,,,YuriCountry=尤里,,,,,,,,,,,,,,,,,,,,,,,,,,{4A582743-9839-11d1-B709-00A024DDAFD1}=Burrowing vehicle,,,,,,,,,,,,,,,,,,,,,,,,,,
MovementZone,选项,4,Destroyer,Amphibious= 两栖，可以同时被船厂和维修厂维修,,,,,,,,,,,,,,,,,,,,,,,,,,{4A582744-9839-11d1-B709-00A024DDAFD1}=Ground infantry,,,,,,,,,,,,,,,,,,,,,,,,,,
MovementZone,,,,AmphibiousCrusher=两栖，并试图碾压步兵,,,,,,,,,,,,,,,,,,,,,,,,,,{4A582745-9839-11d1-B709-00A024DDAFD1}=Drop pod delivery,,,,,,,,,,,,,,,,,,,,,,,,,,
MovementZone,,,,AmphibiousDestroyer=两栖，并试图摧毁障碍物（树木、沙袋、铁丝网）两栖步兵卡树的原因之一,,,,,,,,,,,,,,,,,,,,,,,,,,{4A582746-9839-11d1-B709-00A024DDAFD1}=Airport aircraft,,,,,,,,,,,,,,,,,,,,,,,,,,
MovementZone,,,,Crusher=陆地，并试图碾压步兵,,,,,,,,,,,,,,,,,,,,,,,,,,{4A582747-9839-11d1-B709-00A024DDAFD1}=Chrono,,,,,,,,,,,,,,,,,,,,,,,,,,
MovementZone,,,,CrusherAll=陆地，并试图碾压一切包括围墙，根据Crusher决定穿墙而过还是强行碾掉不能碾的墙（真正决定是否为高级碾压的语句）,,,,,,,,,,,,,,,,,,,,,,,,,,{55D141B8-DB94-11d1-AC98-006008055BB5}=Walking mech,,,,,,,,,,,,,,,,,,,,,,,,,,
MovementZone,,,,Destroyer=陆地，并试图摧毁障碍物和碾压沙袋,,,,,,,,,,,,,,,,,,,,,,,,,,{92612C46-F71F-11d1-AC9F-006008055BB5}=Jumpjet,,,,,,,,,,,,,,,,,,,,,,,,,,
MovementZone,,,,Fly=飞行，寻路无限制，会导致矿车无法手动返回矿场，PhobosBuild48已修复，会导致载具无法进入建筑,,,,,,,,,,,,,,,,,,,,,,,,,,{2BEA74E1-7CCA-11d3-BE14-00104B62A16C}=Ship,,,,,,,,,,,,,,,,,,,,,,,,,,
MovementZone,,,,Infantry=陆地，一般步兵,,,,,,,,,,,,,,,,,,,,,,,,,,{B7B49766-E576-11d3-9BD9-00104B972FE8}=Missile,,,,,,,,,,,,,,,,,,,,,,,,,,
MovementZone,,,,InfantryDestroyer=陆地，步兵，试图摧毁障碍物,,,,,,,,,,,,,,,,,,,,,,,,,,NONE=None,,,,,,,,,,,,,,,,,,,,,,,,,,
MovementZone,,,,Normal=陆地，并试图摧毁地形障碍和碾压步兵,,,,,,,,,,,,,,,,,,,,,,,,,,MOVE=Teleport to moving target,,,,,,,,,,,,,,,,,,,,,,,,,,
MovementZone,,,,Subterannean=钻地车用，移动距离远时试图钻地，不钻地时与Crusher类似，作为矿车且被水域或悬崖包围时无法正确找到矿场，PhobosBuild49已修复,,,,,,,,,,,,,,,,,,,,,,,,,,WARHEAD=Teleport to the explosion point of the teleport warhead,,,,,,,,,,,,,,,,,,,,,,,,,,
MovementZone,,,,Water=只在水中寻路,,,,,,,,,,,,,,,,,,,,,,,,,,BOTH=Dual mode,,,,,,,,,,,,,,,,,,,,,,,,,,
MovementZone,,,,WaterBeach=可在水中和海滩寻路,,,,,,,,,,,,,,,,,,,,,,,,,,Americans=America,,,,,,,,,,,,,,,,,,,,,,,,,,
VectorOrigin,选项,4,Destroyer,Target=抛射体预定目标,,,,,,,,,,,,,,,,,,,,,,,,,,Alliance=Korea,,,,,,,,,,,,,,,,,,,,,,,,,,
VectorOrigin,,,,Launcher=发射者,,,,,,,,,,,,,,,,,,,,,,,,,,French=France,,,,,,,,,,,,,,,,,,,,,,,,,,
VectorOrigin,,,,Source=此AE的来源,,,,,,,,,,,,,,,,,,,,,,,,,,British=Great Britain,,,,,,,,,,,,,,,,,,,,,,,,,,
VectorOrigin,,,,Self=自身，但是FLH偏移,,,,,,,,,,,,,,,,,,,,,,,,,,Germans=Germany,,,,,,,,,,,,,,,,,,,,,,,,,,
Abilities,选项,9,,FASTER=移速加成,,,,,,,,,,,,,,,,,,,,,,,,,,Confederation=Cuba,,,,,,,,,,,,,,,,,,,,,,,,,,
Abilities,,,,STRONGER=伤害减免,,,,,,,,,,,,,,,,,,,,,,,,,,Africans=Libya,,,,,,,,,,,,,,,,,,,,,,,,,,
Abilities,,,,FIREPOWER=火力加成,,,,,,,,,,,,,,,,,,,,,,,,,,Arabs=Iraq,,,,,,,,,,,,,,,,,,,,,,,,,,
Abilities,,,,SCATTER=自动散开,,,,,,,,,,,,,,,,,,,,,,,,,,Russians=Soviet Russia,,,,,,,,,,,,,,,,,,,,,,,,,,
Abilities,,,,ROF=开火速度加成,,,,,,,,,,,,,,,,,,,,,,,,,,YuriCountry=Yuri,,,,,,,,,,,,,,,,,,,,,,,,,,
Abilities,,,,SIGHT=视野加成,,,,,,,,,,,,,,,,,,,,,,,,,,Amphibious= Amphibious can be repaired by both the Shipyard and the Service Depot,,,,,,,,,,,,,,,,,,,,,,,,,,
Abilities,,,,CLOAK=隐形,,,,,,,,,,,,,,,,,,,,,,,,,,AmphibiousCrusher=Amphibious and attempts to crush infantry,,,,,,,,,,,,,,,,,,,,,,,,,,
Abilities,,,,GUARD_AREA=区域守卫,,,,,,,,,,,,,,,,,,,,,,,,,,AmphibiousDestroyer=Amphibious and attempts to destroy obstacles (trees sandbags barbed wire) one of the reasons amphibious infantry get stuck on trees,,,,,,,,,,,,,,,,,,,,,,,,,,
Abilities,,,,CRUSHER=可以碾压,,,,,,,,,,,,,,,,,,,,,,,,,,Crusher=Land and attempts to crush infantry,,,,,,,,,,,,,,,,,,,,,,,,,,
Abilities,,,,SELF_HEAL=自动回血,,,,,,,,,,,,,,,,,,,,,,,,,,CrusherAll=Land and attempts to crush everything including walls according to Crusher determines whether to pass through walls or forcibly crush walls that cannot be crushed (the statement that actually determines whether it is advanced crushing),,,,,,,,,,,,,,,,,,,,,,,,,,
Abilities,,,,EXPLODES=死亡爆炸,,,,,,,,,,,,,,,,,,,,,,,,,,Destroyer=Land and attempts to destroy obstacles and crush sandbags,,,,,,,,,,,,,,,,,,,,,,,,,,
Abilities,,,,RADAR_INVISIBLE=雷达上不可见,,,,,,,,,,,,,,,,,,,,,,,,,,Fly=Flying unrestricted pathfinding will cause miners to be unable to manually return to the refinery fixed in PhobosBuild48 will cause vehicles to be unable to enter buildings,,,,,,,,,,,,,,,,,,,,,,,,,,
Abilities,,,,SENSORS=探测隐形,,,,,,,,,,,,,,,,,,,,,,,,,,Infantry=Land normal infantry,,,,,,,,,,,,,,,,,,,,,,,,,,
Abilities,,,,FEARLESS=无畏,,,,,,,,,,,,,,,,,,,,,,,,,,InfantryDestroyer=Land infantry attempts to destroy obstacles,,,,,,,,,,,,,,,,,,,,,,,,,,
Land,选项,9,NONE,Clear=Clear,,,,,,,,,,,,,,,,,,,,,,,,,,Normal=Land and attempts to destroy terrain obstacles and crush infantry,,,,,,,,,,,,,,,,,,,,,,,,,,
Land,,,,Road=Road,,,,,,,,,,,,,,,,,,,,,,,,,,Subterannean=For burrowing vehicles attempts to burrow when moving long distances when not burrowing similar to Crusher when used as a miner and surrounded by water or cliffs cannot correctly find the refinery fixed in PhobosBuild49,,,,,,,,,,,,,,,,,,,,,,,,,,
Land,,,,Water=Water,,,,,,,,,,,,,,,,,,,,,,,,,,Water=Only pathfinds in water,,,,,,,,,,,,,,,,,,,,,,,,,,
Land,,,,Rock=Rock,,,,,,,,,,,,,,,,,,,,,,,,,,WaterBeach=Can pathfind in water and on beaches,,,,,,,,,,,,,,,,,,,,,,,,,,
Land,,,,Wall=Wall,,,,,,,,,,,,,,,,,,,,,,,,,,Target=Projectile's intended target,,,,,,,,,,,,,,,,,,,,,,,,,,
Land,,,,Tiberium=Tiberium,,,,,,,,,,,,,,,,,,,,,,,,,,Launcher=Launcher,,,,,,,,,,,,,,,,,,,,,,,,,,
Land,,,,Beach=Beach,,,,,,,,,,,,,,,,,,,,,,,,,,Source=The source of this AE,,,,,,,,,,,,,,,,,,,,,,,,,,
Land,,,,Rough=Rough,,,,,,,,,,,,,,,,,,,,,,,,,,Self=Self but with FLH offset,,,,,,,,,,,,,,,,,,,,,,,,,,
Land,,,,Ice=Ice,,,,,,,,,,,,,,,,,,,,,,,,,,FASTER=Movement speed bonus,,,,,,,,,,,,,,,,,,,,,,,,,,
Land,,,,Railroad=Railroad,,,,,,,,,,,,,,,,,,,,,,,,,,STRONGER=Damage reduction,,,,,,,,,,,,,,,,,,,,,,,,,,
Land,,,,Tunnel=Tunnel,,,,,,,,,,,,,,,,,,,,,,,,,,FIREPOWER=Firepower bonus,,,,,,,,,,,,,,,,,,,,,,,,,,
Land,,,,Weeds=Weeds,,,,,,,,,,,,,,,,,,,,,,,,,,SCATTER=Auto scatter,,,,,,,,,,,,,,,,,,,,,,,,,,
Mission,选项,4,Attack,Attack=攻击,,,,,,,,,,,,,,,,,,,,,,,,,,ROF=Rate of fire bonus,,,,,,,,,,,,,,,,,,,,,,,,,,
Mission,,,,Move=移动,,,,,,,,,,,,,,,,,,,,,,,,,,SIGHT=Sight bonus,,,,,,,,,,,,,,,,,,,,,,,,,,
Mission,,,,Guard=守卫,,,,,,,,,,,,,,,,,,,,,,,,,,CLOAK=Cloak,,,,,,,,,,,,,,,,,,,,,,,,,,
Mission,,,,Enter=进入建筑或车,,,,,,,,,,,,,,,,,,,,,,,,,,GUARD_AREA=Area guard,,,,,,,,,,,,,,,,,,,,,,,,,,
Mission,,,,Capture=占领,,,,,,,,,,,,,,,,,,,,,,,,,,CRUSHER=Can Crush,,,,,,,,,,,,,,,,,,,,,,,,,,
Mission,,,,AreaGuard=区域守卫,,,,,,,,,,,,,,,,,,,,,,,,,,SELF_HEAL=Auto Heal,,,,,,,,,,,,,,,,,,,,,,,,,,
Mission,,,,Stop=停止,,,,,,,,,,,,,,,,,,,,,,,,,,EXPLODES=Explodes on Death,,,,,,,,,,,,,,,,,,,,,,,,,,
Mission,,,,Hunt=猎杀,,,,,,,,,,,,,,,,,,,,,,,,,,RADAR_INVISIBLE=Invisible on Radar,,,,,,,,,,,,,,,,,,,,,,,,,,
Mission,,,,Unload=部署,,,,,,,,,,,,,,,,,,,,,,,,,,SENSORS=Detects Stealth,,,,,,,,,,,,,,,,,,,,,,,,,,
Mission,,,,Sleep=睡觉,,,,,,,,,,,,,,,,,,,,,,,,,,FEARLESS=Fearless,,,,,,,,,,,,,,,,,,,,,,,,,,
Mission,,,,Sabotage=C4任务,,,,,,,,,,,,,,,,,,,,,,,,,,Clear=Clear,,,,,,,,,,,,,,,,,,,,,,,,,,
Mission,,,,Construction=播放建造动画,,,,,,,,,,,,,,,,,,,,,,,,,,Road=Road,,,,,,,,,,,,,,,,,,,,,,,,,,
Mission,,,,Selling=建筑出售,,,,,,,,,,,,,,,,,,,,,,,,,,Water=Water,,,,,,,,,,,,,,,,,,,,,,,,,,
Mission,,,,Repair=维修厂维修,,,,,,,,,,,,,,,,,,,,,,,,,,Rock=Rock,,,,,,,,,,,,,,,,,,,,,,,,,,
Mission,,,,Rescue=救援，意味不明,,,,,,,,,,,,,,,,,,,,,,,,,,Wall=Wall,,,,,,,,,,,,,,,,,,,,,,,,,,
Mission,,,,Missile=核弹发射井发射,,,,,,,,,,,,,,,,,,,,,,,,,,Tiberium=Tiberium,,,,,,,,,,,,,,,,,,,,,,,,,,
Mission,,,,Harmless=无威胁,,,,,,,,,,,,,,,,,,,,,,,,,,Beach=Beach,,,,,,,,,,,,,,,,,,,,,,,,,,
Mission,,,,Open=大门类建筑打开,,,,,,,,,,,,,,,,,,,,,,,,,,Rough=Rough,,,,,,,,,,,,,,,,,,,,,,,,,,
Mission,,,,Patrol=路径点巡逻,,,,,,,,,,,,,,,,,,,,,,,,,,Ice=Ice,,,,,,,,,,,,,,,,,,,,,,,,,,
Mission,,,,Eaten=进入回收站,,,,,,,,,,,,,,,,,,,,,,,,,,Railroad=Railroad,,,,,,,,,,,,,,,,,,,,,,,,,,
Mission,,,,QMove=路径点移动,,,,,,,,,,,,,,,,,,,,,,,,,,Tunnel=Tunnel,,,,,,,,,,,,,,,,,,,,,,,,,,
Mission,,,,Retreat=跑路,,,,,,,,,,,,,,,,,,,,,,,,,,Weeds=Weeds,,,,,,,,,,,,,,,,,,,,,,,,,,
Mission,,,,Sticky=类Guard，但是不动,,,,,,,,,,,,,,,,,,,,,,,,,,Attack=Attack,,,,,,,,,,,,,,,,,,,,,,,,,,
Mission,,,,Harvest=挖矿,,,,,,,,,,,,,,,,,,,,,,,,,,Move=Move,,,,,,,,,,,,,,,,,,,,,,,,,,
Mission,,,,Return=挖矿返回,,,,,,,,,,,,,,,,,,,,,,,,,,Guard=Guard,,,,,,,,,,,,,,,,,,,,,,,,,,
Mission,,,,Ambush=埋伏,,,,,,,,,,,,,,,,,,,,,,,,,,Enter=Enter building or vehicle,,,,,,,,,,,,,,,,,,,,,,,,,,
CumulativeOptions,选项,4,NIPPLE,NIPPLE=不可叠加,,,,,,,,,,,,,,,,,,,,,,,,,,Capture=Capture,,,,,,,,,,,,,,,,,,,,,,,,,,
CumulativeOptions,,,,YEAAAAAAAAH=无限叠加,,,,,,,,,,,,,,,,,,,,,,,,,,AreaGuard=Area Guard,,,,,,,,,,,,,,,,,,,,,,,,,,
CumulativeOptions,,,,AssWeCan=每个单位一个,,,,,,,,,,,,,,,,,,,,,,,,,,Stop=Stop,,,,,,,,,,,,,,,,,,,,,,,,,,
CumulativeOptions,,,,Hentai=每个阵营一个,,,,,,,,,,,,,,,,,,,,,,,,,,Hunt=Hunt,,,,,,,,,,,,,,,,,,,,,,,,,,
None,数值,,100,,,,,,,,,,,,,,,,,,,,,,,,,,,Unload=Deploy,,,,,,,,,,,,,,,,,,,,,,,,,,
Flak,数值,,100,,,,,,,,,,,,,,,,,,,,,,,,,,,Sleep=Sleep,,,,,,,,,,,,,,,,,,,,,,,,,,
Plate,数值,,100,,,,,,,,,,,,,,,,,,,,,,,,,,,Sabotage=C4 Mission,,,,,,,,,,,,,,,,,,,,,,,,,,
Light,数值,,100,,,,,,,,,,,,,,,,,,,,,,,,,,,Construction=Play construction animation,,,,,,,,,,,,,,,,,,,,,,,,,,
Medium,数值,,100,,,,,,,,,,,,,,,,,,,,,,,,,,,Selling=Building sale,,,,,,,,,,,,,,,,,,,,,,,,,,
Heavy,数值,,100,,,,,,,,,,,,,,,,,,,,,,,,,,,Repair=Repair at repair depot,,,,,,,,,,,,,,,,,,,,,,,,,,
Wood,数值,,100,,,,,,,,,,,,,,,,,,,,,,,,,,,Rescue=Rescue meaning unknown,,,,,,,,,,,,,,,,,,,,,,,,,,
Steel,数值,,100,,,,,,,,,,,,,,,,,,,,,,,,,,,Missile=Nuclear missile silo launch,,,,,,,,,,,,,,,,,,,,,,,,,,
Concrete,数值,,100,,,,,,,,,,,,,,,,,,,,,,,,,,,Harmless=No threat,,,,,,,,,,,,,,,,,,,,,,,,,,
special_1,数值,,100,,,,,,,,,,,,,,,,,,,,,,,,,,,Open=Gate building opens,,,,,,,,,,,,,,,,,,,,,,,,,,
special_2,数值,,100,,,,,,,,,,,,,,,,,,,,,,,,,,,Patrol=Waypoint patrol,,,,,,,,,,,,,,,,,,,,,,,,,,
F,数值,,100,,,,,,,,,,,,,,,,,,,,,,,,,,,Eaten=Enter recycling center,,,,,,,,,,,,,,,,,,,,,,,,,,
L,数值,,100,,,,,,,,,,,,,,,,,,,,,,,,,,,QMove=Waypoint move,,,,,,,,,,,,,,,,,,,,,,,,,,
H,数值,,100,,,,,,,,,,,,,,,,,,,,,,,,,,,Retreat=Run away,,,,,,,,,,,,,,,,,,,,,,,,,,
护甲名称,引用语句,10;16,,,,,,,,,,,,,,,,,,,,,,,,,,,,Sticky=Guard-like but doesn't move,,,,,,,,,,,,,,,,,,,,,,,,,,
比例,数值,,100,,,,,,,,,,,,,,,,,,,,,,,,,,,Harvest=Mining,,,,,,,,,,,,,,,,,,,,,,,,,,
强行攻击,布尔,8,no,,,,,,,,,,,,,,,,,,,,,,,,,,,Return=Return from mining,,,,,,,,,,,,,,,,,,,,,,,,,,
还击,布尔,8,no,,,,,,,,,,,,,,,,,,,,,,,,,,,Ambush=Ambush,,,,,,,,,,,,,,,,,,,,,,,,,,
主动攻击,布尔,8,no,,,,,,,,,,,,,,,,,,,,,,,,,,,NIPPLE=Not stackable,,,,,,,,,,,,,,,,,,,,,,,,,,
装甲名称,文本框,14;16,,,,,,,,,,,,,,,,,,,,,,,,,,,,YEAAAAAAAAH=Infinite stacking,,,,,,,,,,,,,,,,,,,,,,,,,,
弹头比例（写%）/父类型,文本框,,,,,,,,,,,,,,,,,,,,,,,,,,,,,AssWeCan=One per unit,,,,,,,,,,,,,,,,,,,,,,,,,,
生产时间,数值,,1,,,,,,,,,,,,,,,,,,,,,,,,,,,Hentai=One per faction,,,,,,,,,,,,,,,,,,,,,,,,,,
生产成本,数值,,1,,,,,,,,,,,,,,,,,,,,,,,,,,,,,,,,,,,,,,,,,,,,,,,,,,,,,
建造数量限制,数值,,1,,,,,,,,,,,,,,,,,,,,,,,,,,,,,,,,,,,,,,,,,,,,,,,,,,,,,
Buff的个数,文本框,,114,,,,,,,,,,,,,,,,,,,,,,,,,,,,,,,,,,,,,,,,,,,,,,,,,,,,,
接受的BUFF,连线,3,,,,,,,,,,,,,,,,,,,,,,,,,,,,,,,,,,,,,,,,,,,,,,,,,,,,,,
Buff的持续时间,文本框,,114,,,,,,,,,,,,,,,,,,,,,,,,,,,,,,,,,,,,,,,,,,,,,,,,,,,,,
订单上限,文本框,,114,,,,,,,,,,,,,,,,,,,,,,,,,,,,,,,,,,,,,,,,,,,,,,,,,,,,,
触发ID,随机字符串,11,,,,,,,,,,,,,,,,,,,,,,,,,,,,,,,,,,,,,,,,,,,,,,,,,,,,,,
TechLevel,选项,,1,TRUE,,,,,,,,,,,,,,,,,,,,,,,,,,,,,,,,,,,,,,,,,,,,,,,,,,,,
TechLevel,,,,1=1,,,,,,,,,,,,,,,,,,,,,,,,,,,,,,,,,,,,,,,,,,,,,,,,,,,,
TechLevel,,,,2=2,,,,,,,,,,,,,,,,,,,,,,,,,,,,,,,,,,,,,,,,,,,,,,,,,,,,
TechLevel,,,,3=3,,,,,,,,,,,,,,,,,,,,,,,,,,,,,,,,,,,,,,,,,,,,,,,,,,,,
TechLevel,,,,4=4,,,,,,,,,,,,,,,,,,,,,,,,,,,,,,,,,,,,,,,,,,,,,,,,,,,,
TechLevel,,,,5=5,,,,,,,,,,,,,,,,,,,,,,,,,,,,,,,,,,,,,,,,,,,,,,,,,,,,
TechLevel,,,,6=6,,,,,,,,,,,,,,,,,,,,,,,,,,,,,,,,,,,,,,,,,,,,,,,,,,,,
TechLevel,,,,7=7,,,,,,,,,,,,,,,,,,,,,,,,,,,,,,,,,,,,,,,,,,,,,,,,,,,,Armor Name
TechLevel,,,,8=8,,,,,,,,,,,,,,,,,,,,,,,,,,,,,,,,,,,,,,,,,,,,,,,,,,,,Ratio
TechLevel,,,,9=9,,,,,,,,,,,,,,,,,,,,,,,,,,,,,,,,,,,,,,,,,,,,,,,,,,,,Force Attack
TechLevel,,,,10=10,,,,,,,,,,,,,,,,,,,,,,,,,,,,,,,,,,,,,,,,,,,,,,,,,,,,Return Fire
TechLevel,,,,11=11,,,,,,,,,,,,,,,,,,,,,,,,,,,,,,,,,,,,,,,,,,,,,,,,,,,,Aggressive Attack
阵营,选项,,0,0=盟,,,,,,,,,,,,,,,,,,,,,,,,,,,,,,,,,,,,,,,,,,,,,,,,,,,,Armor Type
阵营,,,,1=苏,,,,,,,,,,,,,,,,,,,,,,,,,,,,,,,,,,,,,,,,,,,,,,,,,,,,Warhead Ratio & Parent
阵营,,,,2=尤,,,,,,,,,,,,,,,,,,,,,,,,,,,,,,,,,,,,,,,,,,,,,,,,,,,,Build Time
初始帧,数值,,0,,,,,,,,,,,,,,,,,,,,,,,,,,,,,,,,,,,,,,,,,,,,,,,,,,,,,Build Cost
总帧数,数值,,1,,,,,,,,,,,,,,,,,,,,,,,,,,,,,,,,,,,,,,,,,,,,,,,,,,,,,Build Limit
两帧间隔,数值,,0,,,,,,,,,,,,,,,,,,,,,,,,,,,,,,,,,,,,,,,,,,,,,,,,,,,,,Buff Count
小地图初始帧,数值,,-1,,,,,,,,,,,,,,,,,,,,,,,,,,,,,,,,,,,,,,,,,,,,,,,,,,,,,Accepted Buffs
小地图帧数,数值,,-1,,,,,,,,,,,,,,,,,,,,,,,,,,,,,,,,,,,,,,,,,,,,,,,,,,,,,Buff Duration
触发点X,选项,4,Left,left,,,,,,,,,,,,,,,,,,,,,,,,,,,,,,,,,,,,,,,,,,,,,,,,,,,,Order Limit
触发点X,,,,top,,,,,,,,,,,,,,,,,,,,,,,,,,,,,,,,,,,,,,,,,,,,,,,,,,,,Trigger ID
触发点X,,,,right,,,,,,,,,,,,,,,,,,,,,,,,,,TRUE,,,,,,,,,,,,,,,,,,,,,,,,,,
触发点Y,选项,4,top,Top,,,,,,,,,,,,,,,,,,,,,,,,,,1=1,,,,,,,,,,,,,,,,,,,,,,,,,,
触发点Y,,,,Middle,,,,,,,,,,,,,,,,,,,,,,,,,,2=2,,,,,,,,,,,,,,,,,,,,,,,,,,
触发点Y,,,,Bottom,,,,,,,,,,,,,,,,,,,,,,,,,,3=3,,,,,,,,,,,,,,,,,,,,,,,,,,
自由节点,连线,15;14;16,,,,,,,,,,,,,,,,,,,,,,,,,,,,4=4,,,,,,,,,,,,,,,,,,,,,,,,,,
语句包,连线,15;16,,,,,,,,,,,,,,,,,,,,,,,,,,,,5=5,,,,,,,,,,,,,,,,,,,,,,,,,,
集线器节点,连线,15;14;16,,,,,,,,,,,,,,,,,,,,,,,,,,,,6=6,,,,,,,,,,,,,,,,,,,,,,,,,,
字符串项,文本框,14;16,,,,,,,,,,,,,,,,,,,,,,,,,,,,7=7,,,,,,,,,,,,,,,,,,,,,,,,,,
单值项,文本框,14,,,,,,,,,,,,,,,,,,,,,,,,,,,,8=8,,,,,,,,,,,,,,,,,,,,,,,,,,
,,,,,,,,,,,,,,,,,,,,,,,,,,,,,,9=9,,,,,,,,,,,,,,,,,,,,,,,,,,
,,,,,,,,,,,,,,,,,,,,,,,,,,,,,,10=10,,,,,,,,,,,,,,,,,,,,,,,,,,
,,,,,,,,,,,,,,,,,,,,,,,,,,,,,,11=11,,,,,,,,,,,,,,,,,,,,,,,,,,
,,,,,,,,,,,,,,,,,,,,,,,,,,,,,,0=Allied,,,,,,,,,,,,,,,,,,,,,,,,,,House
,,,,,,,,,,,,,,,,,,,,,,,,,,,,,,1=Soviet,,,,,,,,,,,,,,,,,,,,,,,,,,House
,,,,,,,,,,,,,,,,,,,,,,,,,,,,,,2=Yuri,,,,,,,,,,,,,,,,,,,,,,,,,,House
,,,,,,,,,,,,,,,,,,,,,,,,,,,,,,,,,,,,,,,,,,,,,,,,,,,,,,,,Start Frame
,,,,,,,,,,,,,,,,,,,,,,,,,,,,,,,,,,,,,,,,,,,,,,,,,,,,,,,,Total Frames
,,,,,,,,,,,,,,,,,,,,,,,,,,,,,,,,,,,,,,,,,,,,,,,,,,,,,,,,Frame Interval
,,,,,,,,,,,,,,,,,,,,,,,,,,,,,,,,,,,,,,,,,,,,,,,,,,,,,,,,Minimap Start Frame
,,,,,,,,,,,,,,,,,,,,,,,,,,,,,,,,,,,,,,,,,,,,,,,,,,,,,,,,Minimap Frames
,,,,,,,,,,,,,,,,,,,,,,,,,,,,,,left,,,,,,,,,,,,,,,,,,,,,,,,,,Trigger Point X
,,,,,,,,,,,,,,,,,,,,,,,,,,,,,,top,,,,,,,,,,,,,,,,,,,,,,,,,,Trigger Point X
,,,,,,,,,,,,,,,,,,,,,,,,,,,,,,right,,,,,,,,,,,,,,,,,,,,,,,,,,Trigger Point X
,,,,,,,,,,,,,,,,,,,,,,,,,,,,,,Top,,,,,,,,,,,,,,,,,,,,,,,,,,Trigger Point Y
,,,,,,,,,,,,,,,,,,,,,,,,,,,,,,Middle,,,,,,,,,,,,,,,,,,,,,,,,,,Trigger Point Y
,,,,,,,,,,,,,,,,,,,,,,,,,,,,,,Bottom,,,,,,,,,,,,,,,,,,,,,,,,,,Trigger Point Y
,,,,,,,,,,,,,,,,,,,,,,,,,,,,,,,,,,,,,,,,,,,,,,,,,,,,,,,,Free Node
,,,,,,,,,,,,,,,,,,,,,,,,,,,,,,,,,,,,,,,,,,,,,,,,,,,,,,,,Statement Pack
,,,,,,,,,,,,,,,,,,,,,,,,,,,,,,,,,,,,,,,,,,,,,,,,,,,,,,,,Hub Node
,,,,,,,,,,,,,,,,,,,,,,,,,,,,,,,,,,,,,,,,,,,,,,,,,,,,,,,,String Item
,,,,,,,,,,,,,,,,,,,,,,,,,,,,,,,,,,,,,,,,,,,,,,,,,,,,,,,,Single Value
