序号,类型,配置1,配置2,配置3
1,连线,TechnoTypes,1,0;255;0
2,连线,TeamTypes,1,255;0;255
3,连线,WICBuff,1,12;79;255
4,单选,,,
5,数值范围,0,11,
6,数值范围,0,3,
7,布尔格式,1,0,
8,布尔格式,yes,no,
9,多选,,,
10,引用语句,Armor,,
11,随机字符串,8,隐藏,
12,颜色,RGB,,
13,颜色,HSV,,
14,自动链入,,,
15,连线,_AnyType,,255;255;180
16,不显示短描述,,,
17,连线,ScriptTypes,-1,255;0;255
18,连线,TechnoTypes,-1,0;255;0
19,CollectAndIndexTo,AIScriptsList,Rules,255;0;255
20,CollectAndIndexTo,AITargetTypes,Rules,255;0;255
21,自动链入,键,FFD800,
22,档位路由,,,
23,连线,BuildingTypes.Index,1,0;255;0,0
24,连线,BuildingTypes.Index,1,0;255;0,65536
25,连线,BuildingTypes.Index,1,0;255;0,131072
26,连线,BuildingTypes.Index,1,0;255;0,196608
